,transcript,user_action,user_action_num
0,Activate all the lights in the entire house.,SwitchLightOn,1
1,Activate basement lights,SwitchLightOn,1
2,Adjust the bedroom light intensity to thirty nine,SetLightBrightness,4
3,Can you please change the light color to pink,SetLightColor,5
4,Set the brightness to five.,SetLightBrightness,4
5,Set the brightness to twelve.,SetLightBrightness,4
6,Set the brightness to twenty,SetLightBrightness,4
7,Set the brightness to twenty two please.,SetLightBrightness,4
8,Set the cella to two,SetLightBrightness,4
9,Set the cellar light to twelve,SetLightBrightness,4
10,Set the cellar lights to two,SetLightBrightness,4
11,Set the entire appartment light to two,SetLightBrightness,4
12,Set the entrance lighting intensity to twelve,SetLightBrightness,4
13,Set the entrance lights to a brighter setting,IncreaseBrightness,2
14,Can you please lower the lights for me,DecreaseBrightness,3
15,Set the facilities lights to thirty nine,SetLightBrightness,4
16,Set the garden brightness to level twelve.,SetLightBrightness,4
17,Set the hallway lights to pink please.,SetLightColor,5
18,Set the intensity of the toilet lighting to two,SetLightBrightness,4
19,Set the kids bedroom lights to five,SetLightBrightness,4
20,Set the laundry room lighting to ten percent,SetLightBrightness,4
21,Set the light brightness level to twenty,SetLightBrightness,4
22,Set the light color to blue,SetLightColor,5
23,Set the lights dimmer in the office,DecreaseBrightness,3
24,Can you please set the bathroom lights to five?,SetLightBrightness,4
25,Set the lights in the laundry room to level two,SetLightBrightness,4
26,Set the lights in the laundry room to seventy-three.,SetLightBrightness,4
27,Set the lights in toilets to red,SetLightColor,5
28,Set the lights to a higher intensity,IncreaseBrightness,2
29,Set the lights to a higher intensity in the changing room,IncreaseBrightness,2
30,Set the lights to a higher intensity in the living room,IncreaseBrightness,2
31,Set the lights to a less bright setting,DecreaseBrightness,3
32,Set the lights to a lower intensity,DecreaseBrightness,3
33,Set the lights to green in the large meeting room.,SetLightColor,5
34,Turn the light's intensity to twenty two percent,SetLightBrightness,4
35,Turn the lights blue,SetLightColor,5
36,Can you turn off the lights in the cellar?,SwitchLightOff,0
37,Turn the lights down in the backyard,DecreaseBrightness,3
38,Turn the lights down in the dining room,DecreaseBrightness,3
39,Turn the lights down in the living room.,DecreaseBrightness,3
40,Turn the lights green,SetLightColor,5
41,Turn the lights in the garden off.,SwitchLightOff,0
42,Turn the lights in the large meeting room pink.,SetLightColor,5
43,Turn the lights in the waiting room to five.,SetLightBrightness,4
44,Turn the lights in the waiting room to thirty nine,SetLightBrightness,4
45,Turn the lights off,SwitchLightOff,0
46,Turn the lights off in the basement,SwitchLightOff,0
47,Can you turn off the lights in the parking room?,SwitchLightOff,0
48,Turn the lights off in the dining room,SwitchLightOff,0
49,Turn the lights off in the dining room.,SwitchLightOff,0
50,Turn the lights off in the laundry room,SwitchLightOff,0
51,Turn the lights off in the office,SwitchLightOff,0
52,Turn the lights off in the shed.,SwitchLightOff,0
53,Turn the lights off in the toilet,SwitchLightOff,0
54,Turn the lights off now,SwitchLightOff,0
55,Turn the lights off.,SwitchLightOff,0
56,Turn the lights on,SwitchLightOn,1
57,Turn the lights on above the toilets,SwitchLightOn,1
58,Can you turn off the lights please,SwitchLightOff,0
59,Turn the lights on everywhere,SwitchLightOn,1
60,Turn the lights on in the appartment.,SwitchLightOn,1
61,Turn the lights on in the bedroom,SwitchLightOn,1
62,Turn the lights on in the changing room,SwitchLightOn,1
63,Turn the lights on in the kitchen,SwitchLightOn,1
64,Turn the lights on in the meeting room,SwitchLightOn,1
65,Turn the lights on in the pantry,SwitchLightOn,1
66,Turn the lights on in the small meeting room,SwitchLightOn,1
67,Turn the lights on in the studio,SwitchLightOn,1
68,Turn the lights on now,SwitchLightOn,1
69,Adjust the brightness to level ten,SetLightBrightness,4
70,Can you turn off the lights?,SwitchLightOff,0
71,Turn the lights on pink,SetLightColor,5
72,Turn the lights on please,SwitchLightOn,1
73,Turn the lights on the kitchen,SwitchLightOn,1
74,Turn the lights on.,SwitchLightOn,1
75,Turn the lights pink please.,SetLightColor,5
76,Turn the lights red in the bed room.,SetLightColor,5
77,Turn the lights to a darker setting in the office,DecreaseBrightness,3
78,Turn the lights to a higher setting,IncreaseBrightness,2
79,Turn the lights to a lower setting,DecreaseBrightness,3
80,Turn the lights to two in the house,SetLightBrightness,4
81,Can you turn on bathroom light,SwitchLightOn,1
82,Turn the lights up a notch in the cellar.,IncreaseBrightness,2
83,"Turn the lights up a notch, please.",IncreaseBrightness,2
84,Turn the lights up in the entrance,IncreaseBrightness,2
85,Turn the lights up in the loo,IncreaseBrightness,2
86,Turn the lights up in the studio.,IncreaseBrightness,2
87,Turn the lights up in the toilets.,IncreaseBrightness,2
88,Turn the living room lights up,IncreaseBrightness,2
89,Turn the lounge lights red,SetLightColor,5
90,Turn the patio light pink,SetLightColor,5
91,Can you turn on the light,SwitchLightOn,1
92,Turn the studio lights on,SwitchLightOn,1
93,Turn the studio lights to thirty nine,SetLightBrightness,4
94,Turn the vestibule lights to two.,SetLightBrightness,4
95,Turn the vestibule lights up,IncreaseBrightness,2
96,Turn the waiting room brightness to two,SetLightBrightness,4
97,Turn the waiting room lights to seventy-three,SetLightBrightness,4
98,Turn toilet room lights on,SwitchLightOn,1
99,Turn up the brightness,IncreaseBrightness,2
100,Turn up the brightness in the changing room.,IncreaseBrightness,2
101,Turn up the lighting,IncreaseBrightness,2
102,Can you turn the brightness down in the backyard,DecreaseBrightness,3
103,Turn up the lights,IncreaseBrightness,2
104,Turn up the lights in the cella,IncreaseBrightness,2
105,Turn up the lights in the kids room.,IncreaseBrightness,2
106,Turn up the lights in the kitchen,IncreaseBrightness,2
107,Turn up the lights in the pantry,IncreaseBrightness,2
108,Turn up the lights in the parking,IncreaseBrightness,2
109,Turn up the lights in the patio,IncreaseBrightness,2
110,Turn up the lights in the toilets.,IncreaseBrightness,2
111,Turn up the lights.,IncreaseBrightness,2
112,Can you turn the brightness to ten?,SetLightBrightness,4
113,Turn up the lights.,IncreaseBrightness,2
114,Turn vestibule lighting on,SwitchLightOn,1
115,"We have a large meeting room, I need some red lights in there.",SetLightColor,5
116,We need the bulbs turned brighter in this room,IncreaseBrightness,2
117,What do I need to do to get the dining room to fifty brightness?,SetLightBrightness,4
118,Will you increase the brightness please,IncreaseBrightness,2
119,Will you make the entrance lights red for the afternoon.,SetLightColor,5
120,Will you set the changing room to fifty brightness?,SetLightBrightness,4
121,Would you please turn down the light brightness,DecreaseBrightness,3
122,Would you please turn on the lights in my cubicle,SwitchLightOn,1
123,Can you turn the brightness up in the bedroom?,IncreaseBrightness,2
124,Would you switch my kitchen lighting to on?,SwitchLightOn,1
125,Would you turn on my basement lights,SwitchLightOn,1
126,Would you turn on my basement lights?,SwitchLightOn,1
127,adjust brightness of lounge lights to a value of twenty two,SetLightBrightness,4
128,all lights off,SwitchLightOff,0
129,all lights off please.,SwitchLightOff,0
130,basement lights should be set to twelve,SetLightBrightness,4
131,basement lights should be turned on,SwitchLightOn,1
132,bathroom brightness to twenty two,SetLightBrightness,4
133,"bathroom is too dark, increase the brightness",IncreaseBrightness,2
134,Can you turn the cellar light on,SwitchLightOn,1
135,bathroom lights off,SwitchLightOff,0
136,bed room brightness to two please.,SetLightBrightness,4
137,bedroom light down,DecreaseBrightness,3
138,boardroom is dark please turn on lights,SwitchLightOn,1
139,brighten lights in kitchen,IncreaseBrightness,2
140,brighten up the cubicle,IncreaseBrightness,2
141,bring up the lights,IncreaseBrightness,2
142,can you gimme some light please,SwitchLightOn,1
143,can you gimme some light please in the kitchen,SwitchLightOn,1
144,can you give me some lights,SwitchLightOn,1
145,Can you turn the cubicle lights to twenty two,SetLightBrightness,4
146,can you increase the brightness,IncreaseBrightness,2
147,can you increase the brightness in the laundry room,IncreaseBrightness,2
148,can you increase the brightness of the entire house,IncreaseBrightness,2
149,can you make the bed room a little darker if possible,DecreaseBrightness,3
150,can you make the light go blue,SetLightColor,5
151,can you please turn on the lights?,SwitchLightOn,1
152,can you turn down the lights in here?,DecreaseBrightness,3
153,can you turn off the cellar lights?,SwitchLightOff,0
154,can you turn off the house lights,SwitchLightOff,0
155,can you turn off the kids bedroom lights?,SwitchLightOff,0
156,Can you turn the lights down one notch,DecreaseBrightness,3
157,can you turn the lights down,DecreaseBrightness,3
158,change all lights to pink color,SetLightColor,5
159,change and set backyard lights to brightness setting of twelve,SetLightBrightness,4
160,change bed room lighting to pink,SetLightColor,5
161,change brightness of lights in the toilets to twenty percent,SetLightBrightness,4
162,change color of bathroom lights to pink,SetLightColor,5
163,change color of garage lights to pink,SetLightColor,5
164,change lamp to pink,SetLightColor,5
165,change lighting to pink,SetLightColor,5
166,change lights to blue,SetLightColor,5
167,Can you turn the lights off.,SwitchLightOff,0
168,change lights to pink,SetLightColor,5
169,change the garage lights to pink,SetLightColor,5
170,change the light to pink,SetLightColor,5
171,change the patio light to pink,SetLightColor,5
172,change the patio lights to green,SetLightColor,5
173,change to red,SetLightColor,5
174,changing room lights off please,SwitchLightOff,0
175,close all lights in the kids room,SwitchLightOff,0
176,"create mood in bed room, turn lights to red",SetLightColor,5
177,cut off the lights in vestibule,SwitchLightOff,0
178,Adjust the brightness to seventy-three.,SetLightBrightness,4
179,Change all of the garden lighting to twenty,SetLightBrightness,4
180,darken the light in the toilet,DecreaseBrightness,3
181,decrease brightness in cellar,DecreaseBrightness,3
182,decrease brightness in the basement,DecreaseBrightness,3
183,decrease brightness of bathroom lights,DecreaseBrightness,3
184,decrease brightness please,DecreaseBrightness,3
185,decrease lights in laundry room to all the way off,SwitchLightOff,0
186,decrease the light in the small meeting room,DecreaseBrightness,3
187,dim the basement,DecreaseBrightness,3
188,dim the bed room lights,DecreaseBrightness,3
189,dim the boardroom,DecreaseBrightness,3
190,Change all the lights to fifty.,SetLightBrightness,4
191,dim the kids bedroom lights,DecreaseBrightness,3
192,dim the lights in the cubicle,DecreaseBrightness,3
193,dim the lights in the garden,DecreaseBrightness,3
194,dining room light at thirty nine,SetLightBrightness,4
195,dining room lights at twenty two percent,SetLightBrightness,4
196,dining room lights off please,SwitchLightOff,0
197,dining room needs to be at twelve percent,SetLightBrightness,4
198,"do not waste the lights, decrease it please",DecreaseBrightness,3
199,double the brightness,IncreaseBrightness,2
200,entrance light level to ten,SetLightBrightness,4
201,Change backyard lighting to pink please,SetLightColor,5
202,entrance lights to pink please,SetLightColor,5
203,entrance should be lit at intensity two,SetLightBrightness,4
204,garage lights to red please,SetLightColor,5
205,get the bedroom dark,SwitchLightOff,0
206,get the lights on now please,SwitchLightOn,1
207,gimme lights in the kitchen,SwitchLightOn,1
208,green is what I would like to the lights to be right now,SetLightColor,5
209,green lights in the living room,SetLightColor,5
210,green lights on in living room,SetLightColor,5
211,have it be less bright,DecreaseBrightness,3
212,Change child's bedroom to have red lights.,SetLightColor,5
213,help me turn down the light,DecreaseBrightness,3
214,help me turn down the light in the cellar,DecreaseBrightness,3
215,hey brighten the bedroom,IncreaseBrightness,2
216,"i cannot stand darkness, turn up the brightness now",IncreaseBrightness,2
217,i need light,SwitchLightOn,1
218,i need lights on in the kids room,SwitchLightOn,1
219,i need to brighten up the meeting room,SwitchLightOn,1
220,i want the large meeting room to be blue,SetLightColor,5
221,i want to turn the lights,SwitchLightOn,1
222,i want you to make the light dimmer,DecreaseBrightness,3
223,Change color to pink.,SetLightColor,5
224,i'd like the patio to get some lightening,SwitchLightOn,1
225,illuminate cellar,SwitchLightOn,1
226,illuminate the kids room,SwitchLightOn,1
227,in my kids bedroom change the brightness to fifty,SetLightBrightness,4
228,in my kids room turn the lights off.,SwitchLightOff,0
229,in the backyard the lights need to be pink,SetLightColor,5
230,increase brightness in the lounge,IncreaseBrightness,2
231,increase brightness in the studio,IncreaseBrightness,2
232,increase brightness of lights .,IncreaseBrightness,2
233,increase lighting in the garage,IncreaseBrightness,2
234,Change kids room lights to pink,SetLightColor,5
235,increase the brightness,IncreaseBrightness,2
236,increase the brightness in here,IncreaseBrightness,2
237,increase the brightness in the basement.,IncreaseBrightness,2
238,increase the brightness of entrance,IncreaseBrightness,2
239,increase the brightness of the garage,IncreaseBrightness,2
240,increase the brightness of the lights.,IncreaseBrightness,2
241,increase the brightness on the patio.,IncreaseBrightness,2
242,is it possible to turn down the light,DecreaseBrightness,3
243,is it possible to turn down the light in the living room,DecreaseBrightness,3
244,it's dark in here,SwitchLightOn,1
245,Change laundry room lights to five please.,SetLightBrightness,4
246,"its getting so dark in here, can you put the lights up",IncreaseBrightness,2
247,"its pretty bright in here, is there a possibility you can turn the lights down",DecreaseBrightness,3
248,"its pretty dark here , why didnt you turn the lights up",IncreaseBrightness,2
249,"its so dark in here, please turn up the lights just a little",IncreaseBrightness,2
250,"its way too bright in here, turn down the brightness please",DecreaseBrightness,3
251,kids bedroom lights to red please,SetLightColor,5
252,kitchen lights on now,SwitchLightOn,1
253,kitchen no more lights,SwitchLightOff,0
254,laundry room brightness five,SetLightBrightness,4
255,laundry room lights on,SwitchLightOn,1
256,Change light color to pink,SetLightColor,5
257,laundry room lights to two,SetLightBrightness,4
258,let there be light,SwitchLightOn,1
259,light bulb brightness ten percent,SetLightBrightness,4
260,light on in the bathroom,SwitchLightOn,1
261,light up garage,SwitchLightOn,1
262,lighting up in the loo,IncreaseBrightness,2
263,lights are off,SwitchLightOff,0
264,lights at seventy-three in the bedroom please.,SetLightBrightness,4
265,lights need brightened in the lounge,IncreaseBrightness,2
266,lights off changing room,SwitchLightOff,0
267,Change light color to pink.,SetLightColor,5
268,lights off for entire house,SwitchLightOff,0
269,lights off in the garden,SwitchLightOff,0
270,lights off in the toilets.,SwitchLightOff,0
271,lights on,SwitchLightOn,1
272,lights on please,SwitchLightOn,1
273,lights should be set at level twenty two,SetLightBrightness,4
274,lights way down in small meeting room,SwitchLightOff,0
275,living room lights off,SwitchLightOff,0
276,living room lights on for now please,SwitchLightOn,1
277,Change light level to twenty in the bedroom,SetLightBrightness,4
278,lounge lights on please,SwitchLightOn,1
279,lower kids bedroom lights,DecreaseBrightness,3
280,lower lights brightness,DecreaseBrightness,3
281,lower the brightness,DecreaseBrightness,3
282,lower the brightness of light bulbs,DecreaseBrightness,3
283,lower the light in the children's play room,DecreaseBrightness,3
284,make all kids room lights red colored,SetLightColor,5
285,make all lights pink in color,SetLightColor,5
286,make it darker in here,DecreaseBrightness,3
287,make it darker in the waiting room,DecreaseBrightness,3
288,Adjust the brightness to twenty two.,SetLightBrightness,4
289,Change lights in garage to level five,SetLightBrightness,4
290,make it less bright in the bed room,DecreaseBrightness,3
291,make it lighter in here,IncreaseBrightness,2
292,make it so the lounge light is pink,SetLightColor,5
293,make lights red,SetLightColor,5
294,make the light blue,SetLightColor,5
295,make the light color to pink,SetLightColor,5
296,make the light pink,SetLightColor,5
297,make the light red,SetLightColor,5
298,make the lights go off,SwitchLightOff,0
299,make the lights red in the office,SetLightColor,5
300,Change lights to blue.,SetLightColor,5
301,make the lights to level twenty two,SetLightBrightness,4
302,make the living room lighter,IncreaseBrightness,2
303,make the studio lights brighter,IncreaseBrightness,2
304,modify brightness of living room light bulb to seventy-three,SetLightBrightness,4
305,modify the color of all light bulbs into pink,SetLightColor,5
306,need light,SwitchLightOn,1
307,need light in the kitchen,SwitchLightOn,1
308,no more light in here,SwitchLightOff,0
309,pantry light level should be two percent,SetLightBrightness,4
310,pantry lights off.,SwitchLightOff,0
311,Change lights to pink,SetLightColor,5
312,pantry make it dark,SwitchLightOff,0
313,parking lights on please,SwitchLightOn,1
314,patio lights please,SwitchLightOn,1
315,patio lights turned on,SwitchLightOn,1
316,pink lights near kitchen please,SetLightColor,5
317,please brighten the lounge,IncreaseBrightness,2
318,please brighten up the dining room,SwitchLightOn,1
319,please dim the lights,DecreaseBrightness,3
320,please give me lights,SwitchLightOn,1
321,please give me lights in the kitchen,SwitchLightOn,1
322,Change lights to red.,SetLightColor,5
323,please give me some light,SwitchLightOn,1
324,please give me some light in the kitchen,SwitchLightOn,1
325,please increase the brightness,IncreaseBrightness,2
326,please increase the light brightness everywhere,IncreaseBrightness,2
327,please increase the meeting room brightness,IncreaseBrightness,2
328,please lower basement lights,DecreaseBrightness,3
329,please make the light blue,SetLightColor,5
330,please make the patio light red,SetLightColor,5
331,please need some light,SwitchLightOn,1
332,please need some light in the kitchen,SwitchLightOn,1
333,Change loo lights to pink for me,SetLightColor,5
334,please some light,SwitchLightOn,1
335,please some light in the kitchen,SwitchLightOn,1
336,please switch color of all lights to green,SetLightColor,5
337,please switch lights off,SwitchLightOff,0
338,please switch off lounge lights,SwitchLightOff,0
339,please switch off the kitchen lights after you cook,SwitchLightOff,0
340,please switch off the studio lights,SwitchLightOff,0
341,"please the increase the brightness, it's too dark",IncreaseBrightness,2
342,please turn down the light for me,DecreaseBrightness,3
343,please turn lights on,SwitchLightOn,1
344,Change meeting room lights to pink.,SetLightColor,5
345,please turn off laundry room lights,SwitchLightOff,0
346,please turn off lights everywhere,SwitchLightOff,0
347,please turn off parking lights,SwitchLightOff,0
348,please turn off the house lights,SwitchLightOff,0
349,please turn off the lights,SwitchLightOff,0
350,please turn off the lights of kids room,SwitchLightOff,0
351,please turn on the lights,SwitchLightOn,1
352,please turn on the lights of changing room,SwitchLightOn,1
353,please turn the pantry lights to level thirty nine,SetLightBrightness,4
354,put on the serial bulbs in the dining room,SwitchLightOn,1
355,Change office lights to pink please.,SetLightColor,5
356,put the lights in the office on green,SetLightColor,5
357,put the lights on in the vestibule,SwitchLightOn,1
358,reduce brightness of light bulbs,DecreaseBrightness,3
359,select green light,SetLightColor,5
360,set brightness of all lights to fifty,SetLightBrightness,4
361,set brightness of house to fifty,SetLightBrightness,4
362,set brightness to five,SetLightBrightness,4
363,set light at level twenty two,SetLightBrightness,4
364,set the bedroom lights to thirty nine,SetLightBrightness,4
365,set the color of meeting room lights to blue,SetLightColor,5
366,Set the lights to ten in the vestibule,SetLightBrightness,4
367,Can you please turn down the lights.,DecreaseBrightness,3
368,Set the lights to the on position,SwitchLightOn,1
369,Set the lights to twenty two in the office,SetLightBrightness,4
370,Set the lights to twenty two percent,SetLightBrightness,4
371,Set the lights to zero brightness,SwitchLightOff,0
372,Set the lights to zero brightness in the office,SwitchLightOff,0
373,Set the living room's light to twenty,SetLightBrightness,4
374,Set the patio lights to five.,SetLightBrightness,4
375,Set the vestibule lights to level thirty nine,SetLightBrightness,4
376,Shine some light in here,SwitchLightOn,1
377,Shine some light in here.,SwitchLightOn,1
378,Can you put lights on in the backyard?,SwitchLightOn,1
379,Shine some lights in the office,SwitchLightOn,1
380,Shine the lights at level twelve,SetLightBrightness,4
381,Shut down the kids bedroom lights.,SwitchLightOff,0
382,Shut down the lights.,SwitchLightOff,0
383,Shut off the lights at the entrance,SwitchLightOff,0
384,Shut off the lights in the garage.,SwitchLightOff,0
385,Shut off the lights in the loo.,SwitchLightOff,0
386,Shut off the lights please.,SwitchLightOff,0
387,Shut off the lounge lights,SwitchLightOff,0
388,Shut the lights down in the bathroom,SwitchLightOff,0
389,Can you put the lights to twelve in the cubicle?,SetLightBrightness,4
390,Shut the lights down in the entrance,SwitchLightOff,0
391,Shut the lights off.,SwitchLightOff,0
392,"Sir, in the office please set the connected light bulbs to the brightness of ten.",SetLightBrightness,4
393,"Sir, please set the brightness of the connected light bulbs to fifty.",SetLightBrightness,4
394,Situate the lights to thirty nine percent in the cubicle,SetLightBrightness,4
395,Stop the lighting in the cubicle,SwitchLightOff,0
396,Stop the lights,SwitchLightOff,0
397,Stop the lights from shining in the bathroom,SwitchLightOff,0
398,Stop the lights from shining in the shed.,SwitchLightOff,0
399,Change the backyard light to green,SetLightColor,5
400,set the intensity of the tubelight to two percent,SetLightBrightness,4
401,set the lights in the changing room to level twenty two,SetLightBrightness,4
402,set the living room lights to ten percent,SetLightBrightness,4
403,set the pantry brightness to twenty,SetLightBrightness,4
404,seventy-three is what the brightness should be.,SetLightBrightness,4
405,shut off the kitchen light,SwitchLightOff,0
406,"so much darkness in here, turn up the bulbs",IncreaseBrightness,2
407,some light,SwitchLightOn,1
408,some light in the kitchen,SwitchLightOn,1
409,some lights in the kitchen,SwitchLightOn,1
410,Change the basement brightness to seventy-three.,SetLightBrightness,4
411,studio lights off,SwitchLightOff,0
412,studio lights on please,SwitchLightOn,1
413,switch bathroom lights off,SwitchLightOff,0
414,switch house lights off.,SwitchLightOff,0
415,switch lights off,SwitchLightOff,0
416,switch lights on,SwitchLightOn,1
417,switch lights on in vestibule,SwitchLightOn,1
418,switch off laundry room lights,SwitchLightOff,0
419,switch off the bathroom lights,SwitchLightOff,0
420,switch off the lamps please,SwitchLightOff,0
421,Change the basement brightness to two,SetLightBrightness,4
422,switch off the light in the toilet,SwitchLightOff,0
423,switch off the lights,SwitchLightOff,0
424,switch off vestibule lights off.,SwitchLightOff,0
425,switch the garage light to  pink,SetLightColor,5
426,switch the lamps off,SwitchLightOff,0
427,switch the light to blue,SetLightColor,5
428,take all lights off  as soon as possible,SwitchLightOff,0
429,"the backyard is too bright, can you turn it down a little",DecreaseBrightness,3
430,the bathroom lights need changed to blue,SetLightColor,5
431,the bedroom lights need to glow red,SetLightColor,5
432,Adjust the cella lights to twenty two,SetLightBrightness,4
433,Change the bed room lights to blue,SetLightColor,5
434,"the boardroom is done, take off the lights",SwitchLightOff,0
435,"the cellar is cold and dark, please turn up the brightness",IncreaseBrightness,2
436,"the house is getting too little light, turn up the brightness please",IncreaseBrightness,2
437,the kitchen should not be so bright.,DecreaseBrightness,3
438,the large meeting room lights needs to be turned off,SwitchLightOff,0
439,the light is too bright so turn it down,DecreaseBrightness,3
440,the lights need to be blue in the studio,SetLightColor,5
441,the loo has too much lights,DecreaseBrightness,3
442,"the loo is a little dark, turn up the brightness a little",IncreaseBrightness,2
443,"the office has too much light , it needs to be turned down",DecreaseBrightness,3
444,Change the brightness of the lights to twenty two percent,SetLightBrightness,4
445,"the office is a little too dark, please turn on the lights",IncreaseBrightness,2
446,the parking area need the lights off,SwitchLightOff,0
447,the shed needs more light,IncreaseBrightness,2
448,"the sun is going down and its getting dark, turn the lights up",IncreaseBrightness,2
449,"the toilets are too bright, turn the lights down",DecreaseBrightness,3
450,"there is no one in the living room, take the lights off",SwitchLightOff,0
451,"this entire appartment is in darkness, you need to turn the brightness up",IncreaseBrightness,2
452,"this room is pretty dark, why ? just turn the brightness up",IncreaseBrightness,2
453,toilet light change to level thirty nine,SetLightBrightness,4
454,turn all kitchen lights to pink color,SetLightColor,5
455,Change the brightness to fifty in the entire appartment,SetLightBrightness,4
456,turn all light bulbs into pink color,SetLightColor,5
457,turn bathroom lights up,IncreaseBrightness,2
458,turn bedroom red,SetLightColor,5
459,turn down lighting in the pantry,DecreaseBrightness,3
460,turn down lights everywhere,DecreaseBrightness,3
461,turn down the brightness level of light bulbs,DecreaseBrightness,3
462,turn down the lamps a bit,DecreaseBrightness,3
463,turn down the lights a tad bit please,DecreaseBrightness,3
464,turn down the lights in the entrance room,DecreaseBrightness,3
465,turn it blue,SetLightColor,5
466,Change the brightness to thirty nine percent,SetLightBrightness,4
467,turn lights red,SetLightColor,5
468,turn lights up in house,IncreaseBrightness,2
469,turn off all bedroom lamps please,SwitchLightOff,0
470,turn off bed room lights,SwitchLightOff,0
471,turn off dining room lights.,SwitchLightOff,0
472,turn off lights in loo,SwitchLightOff,0
473,turn off the lamps,SwitchLightOff,0
474,turn off the lights,SwitchLightOff,0
475,turn off the lights in the bedroom,SwitchLightOff,0
476,turn off toilet lights,SwitchLightOff,0
477,Change the brightness to twenty.,SetLightBrightness,4
478,turn office light to thirty nine,SetLightBrightness,4
479,turn on kitchen lights,SwitchLightOn,1
480,turn on the changing room lights,SwitchLightOn,1
481,turn on the garden lights,SwitchLightOn,1
482,turn on the lights,SwitchLightOn,1
483,turn on the lights in the bathroom,SwitchLightOn,1
484,turn on the lights in the children room,SwitchLightOn,1
485,turn on the lights urgently,SwitchLightOn,1
486,turn studio lights on,SwitchLightOn,1
487,turn the basement lights blue,SetLightColor,5
488,Change the brightness to two.,SetLightBrightness,4
489,turn the brightness down,DecreaseBrightness,3
490,turn the garden lights to brightness two please,SetLightBrightness,4
491,turn the house light pink,SetLightColor,5
492,turn the light down in the backyard,DecreaseBrightness,3
493,turn the light down in the bedroom,DecreaseBrightness,3
494,turn the light down in the patio,DecreaseBrightness,3
495,turn the lights down,DecreaseBrightness,3
496,turn the lights off,SwitchLightOff,0
497,turn the lights to red,SetLightColor,5
498,turn the lights up,IncreaseBrightness,2
499,Change the bulbs to twelve percent in brightness,SetLightBrightness,4
500,turn the tree lights pink,SetLightColor,5
501,turn up light in basement,IncreaseBrightness,2
502,turn up lights in flat,IncreaseBrightness,2
503,turn up the brightness,IncreaseBrightness,2
504,turn up the brightness in the patio,IncreaseBrightness,2
505,turn up the brightness in the studio,IncreaseBrightness,2
506,turn up the lights in the kitchen.,IncreaseBrightness,2
507,why is everywhere so dark ? you need to turn up the brightness,IncreaseBrightness,2
508,"why is it so bright in here, please turn it down a notch",DecreaseBrightness,3
509,why is there no lights in the waiting room ? turn it up please,IncreaseBrightness,2
510,Change the color of lights to red,SetLightColor,5
511,will you turn the brightness to level thirty nine,SetLightBrightness,4
512,Change the color of the lights to blue in the dining room.,SetLightColor,5
513,Change the color of the lights to blue.,SetLightColor,5
514,Adjust the changing room intensity of the lighting to two percent,SetLightBrightness,4
515,Change the color of the lights to green,SetLightColor,5
516,"Change the color of the lights to pink, please.",SetLightColor,5
517,Change the color to blue,SetLightColor,5
518,Change the colors to pink,SetLightColor,5
519,Change the cubicle lights up to ten,SetLightBrightness,4
520,Change the garage lights to pink.,SetLightColor,5
521,Change the kids bedroom lightbulb color to green,SetLightColor,5
522,Change the kitchen lights to green.,SetLightColor,5
523,Change the laundry room color to green,SetLightColor,5
524,Change the laundry room lights to green.,SetLightColor,5
525,Adjust the glow of the bulb to level two,SetLightBrightness,4
526,Change the laundry room lights to red.,SetLightColor,5
527,Change the light blue.,SetLightColor,5
528,Change the light color to pink please,SetLightColor,5
529,Change the light setting to on,SwitchLightOn,1
530,Change the light to blue,SetLightColor,5
531,Change the light to pink,SetLightColor,5
532,Change the light to pink?,SetLightColor,5
533,Change the lighting of the pantry to thirty nine,SetLightBrightness,4
534,Change the lighting to dim.,DecreaseBrightness,3
535,Change the lighting to fifty. in the facilities,SetLightBrightness,4
536,Adjust the kids room lighting to ten.,SetLightBrightness,4
537,Change the lights green,SetLightColor,5
538,Change the lights in the child's bedroom to pink.,SetLightColor,5
539,Change the lights in the entrance to blue,SetLightColor,5
540,Change the lights in the kids bedroom to blue.,SetLightColor,5
541,Change the lights in the parking area to green.,SetLightColor,5
542,Change the lights in the parking room,SwitchLightOff,0
543,Change the lights in the toilet green,SetLightColor,5
544,Change the lights into blue.,SetLightColor,5
545,Change the lights to green please.,SetLightColor,5
546,Change the lights to pink please,SetLightColor,5
547,Activate garden lights,SwitchLightOn,1
548,Adjust the laundry room lighting to level thirty nine,SetLightBrightness,4
549,Change the lights to pink.,SetLightColor,5
550,Change the lights to red,SetLightColor,5
551,Change the lights to red in the parking section,SetLightColor,5
552,Change the living room lights to twenty.,SetLightBrightness,4
553,Change the office light to pink,SetLightColor,5
554,Change the office lights to fifty.,SetLightBrightness,4
555,Change the parking room to green,SetLightColor,5
556,Change the vestibule lighting to two percent,SetLightBrightness,4
557,Change the yard lights to green,SetLightColor,5
558,Change toilets light color to red,SetLightColor,5
559,Adjust the lighting to level twenty two,SetLightBrightness,4
560,Click on the lights,SwitchLightOn,1
561,Color change lights to red,SetLightColor,5
562,Color lights pink,SetLightColor,5
563,Color lights red,SetLightColor,5
564,Color the kids bedroom red,SetLightColor,5
565,Color the lights red,SetLightColor,5
566,Could you change the brightness of the lights on the patio to seventy-three?,SetLightBrightness,4
567,Could you change the light to red,SetLightColor,5
568,Could you increase the brightness of the lights?,IncreaseBrightness,2
569,Could you increase the light brightness in the dining room?,IncreaseBrightness,2
570,Adjust the lights so it's less bright,DecreaseBrightness,3
571,Could you make the lights in the basement brighter?,IncreaseBrightness,2
572,Could you please turn my lights on?,SwitchLightOn,1
573,"Could you please turn the lights on, I'm home.",SwitchLightOn,1
574,Could you switch on some lights?,SwitchLightOn,1
575,Could you turn down the bed room lights?,DecreaseBrightness,3
576,Could you turn the lights on please,SwitchLightOn,1
577,Cut off power to the garden lights.,SwitchLightOff,0
578,Cut the waiting room lights.,SwitchLightOff,0
579,Darken the waiting room,SwitchLightOff,0
580,Decrease brightness,DecreaseBrightness,3
581,Adjust the lights to the off setting.,SwitchLightOff,0
582,Decrease brightness in bedroom,DecreaseBrightness,3
583,Decrease brightness in boardroom by one third.,DecreaseBrightness,3
584,Decrease brightness please,DecreaseBrightness,3
585,Decrease light brightness in kitchen,DecreaseBrightness,3
586,Decrease light brightness please,DecreaseBrightness,3
587,Decrease lights in house.,DecreaseBrightness,3
588,Decrease the brightness,DecreaseBrightness,3
589,Decrease the brightness of the bulbs.,DecreaseBrightness,3
590,Decrease the brightness of the lights in shed.,DecreaseBrightness,3
591,Adjust the living room brightness to level two,SetLightBrightness,4
592,Decrease the brightness please.,DecreaseBrightness,3
593,Decrease the intensity of the lights,DecreaseBrightness,3
594,Decrease the intensity of the lights in the kids bedroom,DecreaseBrightness,3
595,Decrease the intensity of the pantry lighting,DecreaseBrightness,3
596,Decrease the light brightness in the cubicle,DecreaseBrightness,3
597,Decrease the light intensity,DecreaseBrightness,3
598,Decrease the light intensity in the entrance,DecreaseBrightness,3
599,Decrease the light intensity in the entrance to zero,SwitchLightOff,0
600,Decrease the light intensity in the office,DecreaseBrightness,3
601,Decrease the light intensity in the vestibule to zero,SwitchLightOff,0
602,Adjust the pantry light to blue,SetLightColor,5
603,Decrease the light intensity to zero,SwitchLightOff,0
604,Decrease the lighting in the laundry room,DecreaseBrightness,3
605,Decrease the lighting so it's not so bright,DecreaseBrightness,3
606,Decrease the lights intensity  in my bedroom balcony,DecreaseBrightness,3
607,Dim lights please,DecreaseBrightness,3
608,Dim lights please.,DecreaseBrightness,3
609,Dim the kids room,DecreaseBrightness,3
610,Dim the light in the kids bedroom,DecreaseBrightness,3
611,Dim the lighting completely in the waiting room,SwitchLightOff,0
612,Dim the lights,DecreaseBrightness,3
613,Adjust the pantry lighting to level thirty nine,SetLightBrightness,4
614,Dim the lights completely in the living room,SwitchLightOff,0
615,Dim the lights for me,DecreaseBrightness,3
616,Dim the lights in the backyard.,DecreaseBrightness,3
617,Dim the lights in the bathroom,DecreaseBrightness,3
618,Dim the lights in the garage.,DecreaseBrightness,3
619,Dim the lights in the living room,DecreaseBrightness,3
620,Dim the lights please,DecreaseBrightness,3
621,Dim the lights please.,DecreaseBrightness,3
622,Dim the lights.,DecreaseBrightness,3
623,Dim the studio lighting,DecreaseBrightness,3
624,Adjust the toilet lighting to the two setting,SetLightBrightness,4
625,Do me a favor and turn the lights on,SwitchLightOn,1
626,Do turn on my bed room lights now,SwitchLightOn,1
627,Don't forget to turn off the lights in the studio,SwitchLightOff,0
628,Eliminate the entrance lights from shining,SwitchLightOff,0
629,Eliminate the lighting,SwitchLightOff,0
630,End the lights from shining in the cubicle,SwitchLightOff,0
631,Ensure the lights are off in the waiting room,SwitchLightOff,0
632,Find the bulbs for the cellar and turn them up,IncreaseBrightness,2
633,Get me more light,IncreaseBrightness,2
634,Get me some lights in the kitchen,SwitchLightOn,1
635,Adjust the toilets lights to twenty two.,SetLightBrightness,4
636,Get rid of the lights in the bathroom,SwitchLightOff,0
637,Get the cellar lights on,SwitchLightOn,1
638,Get the laundry room lights up to twenty two,SetLightBrightness,4
639,Get the lights on,SwitchLightOn,1
640,Get the lights on please,SwitchLightOn,1
641,Get the living room lights on please,SwitchLightOn,1
642,Get the room brighter please.,IncreaseBrightness,2
643,Give me more light in here,IncreaseBrightness,2
644,Give me more light in the bathroom,IncreaseBrightness,2
645,Give me pink lights.,SetLightColor,5
646,Adjust the toilets lights to twenty.,SetLightBrightness,4
647,Go ahead and turn the large meeting room light to pink,SetLightColor,5
648,Go ahead and turn the laundry room lights up brighter,IncreaseBrightness,2
649,Go straight and turn on the lights,SwitchLightOn,1
650,"Google, please shut off all lights",SwitchLightOff,0
651,"Google, shut off lights",SwitchLightOff,0
652,Have the kitchen lights at lower brightness,DecreaseBrightness,3
653,Have the lights colored blue,SetLightColor,5
654,Have the lights turn blue,SetLightColor,5
655,Help me change the color blue,SetLightColor,5
656,Help me decrease the brighenss in backyard,DecreaseBrightness,3
657,Activate lights.,SwitchLightOn,1
658,"Alexa, please turn off lights in backyard",SwitchLightOff,0
659,Help me dim the light in the pantry,DecreaseBrightness,3
660,Help me dim the lights,DecreaseBrightness,3
661,Help me dim the lights please.,DecreaseBrightness,3
662,Help me make it so the light is not so bright,DecreaseBrightness,3
663,Help me make the entire appartment red,SetLightColor,5
664,Help me make the entire house pink,SetLightColor,5
665,Help me make the light brighter,IncreaseBrightness,2
666,Help me make the light green.,SetLightColor,5
667,Help me make the light red,SetLightColor,5
668,Help me put on the lights,SwitchLightOn,1
669,Are you able to change the lights to turn green?,SetLightColor,5
670,Help me set the brighness to twelve,SetLightBrightness,4
671,Help me set the entrance light to two,SetLightBrightness,4
672,Help me set the lights to fifty.,SetLightBrightness,4
673,Help me set the lights to twenty,SetLightBrightness,4
674,Help me turn on the light please,SwitchLightOn,1
675,Help me turn the light on,SwitchLightOn,1
676,"Hey google, Cut lights in the kitchen",SwitchLightOff,0
677,"Hey, let's get the light brightness lower in here.",DecreaseBrightness,3
678,I don't prefer the living room lights to be on anymore,SwitchLightOff,0
679,I don't want it to be so bright,DecreaseBrightness,3
680,"Assistant, I need my cubicle lights on.",SwitchLightOn,1
681,I don't want it to be this bright,DecreaseBrightness,3
682,I don't want the backyard lights to be on.,SwitchLightOff,0
683,I don't want the bedroom to be so bright,DecreaseBrightness,3
684,I don't want the lights on anymore,SwitchLightOff,0
685,I don't want the lights on in the cella anymore,SwitchLightOff,0
686,I don't want the lights on.,SwitchLightOff,0
687,I don't want the lights to shine in the living room,SwitchLightOff,0
688,I don't want there to be any light on in the office,SwitchLightOff,0
689,I don't want there to be lights on anymore,SwitchLightOff,0
690,I need a brightness setting of twelve in the pantry.,SetLightBrightness,4
691,"Assistant, turn my lights on.",SwitchLightOn,1
692,I need brighter lighting in the bedroom.,IncreaseBrightness,2
693,I need it to be brighter in the cubicle,IncreaseBrightness,2
694,I need lighting,SwitchLightOn,1
695,I need lighting in the kitchen,SwitchLightOn,1
696,I need lights on over the toilets,SwitchLightOn,1
697,I need more light,IncreaseBrightness,2
698,I need more light here,IncreaseBrightness,2
699,I need my bedroom brighter now,IncreaseBrightness,2
700,I need my bedroom lights lower.,DecreaseBrightness,3
701,I need my pantry set at ten brighntess,SetLightBrightness,4
702,Augment the brightness of the lights,IncreaseBrightness,2
703,I need pink lighting in the office.,SetLightColor,5
704,I need some light please,SwitchLightOn,1
705,I need some light please in the kitchen,SwitchLightOn,1
706,I need some lights,SwitchLightOn,1
707,I need some lights in the kitchen,SwitchLightOn,1
708,I need some more light in here.,IncreaseBrightness,2
709,I need the cella light turned off.,SwitchLightOff,0
710,I need the light,SwitchLightOn,1
711,I need the light in the kitchen,SwitchLightOn,1
712,I need the light to be brighter,IncreaseBrightness,2
713,Augment the brightness of the waiting room,IncreaseBrightness,2
714,I need the light to be increased,IncreaseBrightness,2
715,I need the lighting cranked up a little.,IncreaseBrightness,2
716,I need the lights in my kids bedroom to be set at twenty.,SetLightBrightness,4
717,I need the lights in the kids room to be pink,SetLightColor,5
718,I need the lights near the toilets to be brighter,IncreaseBrightness,2
719,I need the lights off in the changing room,SwitchLightOff,0
720,I need the lights off in the entrance,SwitchLightOff,0
721,I need the lights to be blue now.,SetLightColor,5
722,I need the lights to be blue.,SetLightColor,5
723,I need the lights to be brighter,IncreaseBrightness,2
724,Be sure that all of the lighting is off,SwitchLightOff,0
725,I need the lights to be dimmed.,DecreaseBrightness,3
726,I need the lights turned down a bit,DecreaseBrightness,3
727,I need the lights turned off in the vestibule,SwitchLightOff,0
728,I need the room to be blue?,SetLightColor,5
729,I need the shed to have the lighting on fifty.,SetLightBrightness,4
730,I need to lamps all off now,SwitchLightOff,0
731,Stop the lights to be on,SwitchLightOff,0
732,Can you raise the lights in the toilets,IncreaseBrightness,2
733,Stop the lights.,SwitchLightOff,0
734,Switch all of the lights to the off position in the vestibule,SwitchLightOff,0
735,Switch light color to blue,SetLightColor,5
736,Switch my lights on now,SwitchLightOn,1
737,Switch off all exterior lighting.,SwitchLightOff,0
738,Switch off small meeting room lights.,SwitchLightOff,0
739,Switch off the garage lights.,SwitchLightOff,0
740,Switch off the lights,SwitchLightOff,0
741,Switch off the lights after we leave for the trip,SwitchLightOff,0
742,Switch off the shed lights.,SwitchLightOff,0
743,Can you set a pink light in the basement?,SetLightColor,5
744,Switch on my backyard lighting,SwitchLightOn,1
745,Switch on my cubicle light please,SwitchLightOn,1
746,Switch on my garden lights,SwitchLightOn,1
747,Switch on the lights in the kids bedroom.,SwitchLightOn,1
748,Switch on the lights.,SwitchLightOn,1
749,Switch on the studio light,SwitchLightOn,1
750,Switch the light to green,SetLightColor,5
751,Switch the lights green.,SetLightColor,5
752,Switch the lights to blue in the bedroom,SetLightColor,5
753,Switch the lights to dark in the pantry,SwitchLightOff,0
754,Can you set the basement lights to five?,SetLightBrightness,4
755,Switch the toilet light to red,SetLightColor,5
756,Switch to red lights,SetLightColor,5
757,TURN ON THE LIGHTS OF kids bedroom,SwitchLightOn,1
758,The basement is too bright.,DecreaseBrightness,3
759,The basement lights must be switched on,SwitchLightOn,1
760,"The bed room light are too bright, lower the brightness",DecreaseBrightness,3
761,The bed room lights need a brighter illumination,IncreaseBrightness,2
762,The bedroom lights need to be brighter right now,IncreaseBrightness,2
763,The brightness in the studio should be twenty two,SetLightBrightness,4
764,I need to lamps all off now please,SwitchLightOff,0
765,I need you to increase the intensity of the backyard lights,IncreaseBrightness,2
766,I need you to turn the lights off in the basement,SwitchLightOff,0
767,I prefer if the lights are on now,SwitchLightOn,1
768,Be sure the light intensity is set to twelve percent,SetLightBrightness,4
769,I should like to see red lights.,SetLightColor,5
770,I think all the lights should be on twenty two.,SetLightBrightness,4
771,I think the lights should be on by now,SwitchLightOn,1
772,I think the lights should be pink.,SetLightColor,5
773,I want blue light,SetLightColor,5
774,I want blue lights,SetLightColor,5
775,I want green light,SetLightColor,5
776,I want it less bright now,DecreaseBrightness,3
777,I want it pink in here,SetLightColor,5
778,I want it to be brighter in the cella,IncreaseBrightness,2
779,Be sure the lights are completely darkened by the toilet,SwitchLightOff,0
780,I want less brightness,DecreaseBrightness,3
781,I want less light,DecreaseBrightness,3
782,I want less light in the waiting room,DecreaseBrightness,3
783,I want level twelve to be the setting for the brightness,SetLightBrightness,4
784,I want lighting in the bedroom,SwitchLightOn,1
785,I want lights,SwitchLightOn,1
786,I want lights in the kitchen,SwitchLightOn,1
787,I want lights on in the backyard,SwitchLightOn,1
788,I want lights on please,SwitchLightOn,1
789,I want living room lights to be changed to pink,SetLightColor,5
790,Be sure the lights are off by the toilet,SwitchLightOff,0
791,I want more brightness in the changing room,IncreaseBrightness,2
792,I want more brightness in the pantry,IncreaseBrightness,2
793,I want more light,IncreaseBrightness,2
794,I want more light in the bathroom,IncreaseBrightness,2
795,I want my child's bedroom to have a green light?,SetLightColor,5
796,I want my cubicle lights to be on two.,SetLightBrightness,4
797,I want pink lights now.,SetLightColor,5
798,I want red lighting.,SetLightColor,5
799,I want red lights please,SetLightColor,5
800,I want the bathroom to be more dim,DecreaseBrightness,3
801,Activate the lights in the waiting room.,SwitchLightOn,1
802,Boost the brightness of the lights.,IncreaseBrightness,2
803,I want the brightest lights in the kitchen please,IncreaseBrightness,2
804,I want the brightness of the lights in the laundry room to be fifty.,SetLightBrightness,4
805,I want the brightness set to two,SetLightBrightness,4
806,I want the brightness to be fifty in the bed room.,SetLightBrightness,4
807,I want the brightness to be level ten on my lights.,SetLightBrightness,4
808,I want the brightness to be set at twenty.,SetLightBrightness,4
809,I want the brightness turned up in this room,IncreaseBrightness,2
810,I want the cellar light on,SwitchLightOn,1
811,I want the cellar lights off.,SwitchLightOff,0
812,Bright lights please,IncreaseBrightness,2
813,I want the cellar lights on,SwitchLightOn,1
814,I want the cubicle lights to be at twenty two percent,SetLightBrightness,4
815,I want the cubicle to be brighter,IncreaseBrightness,2
816,I want the cublicle to be at thirty nine brightness.,SetLightBrightness,4
817,I want the dining room lights to be turned on,SwitchLightOn,1
818,I want the entire appartment to be at two brightness,SetLightBrightness,4
819,I want the entrance light on,SwitchLightOn,1
820,I want the facilities to have lights on now,SwitchLightOn,1
821,I want the house lights to be pink.,SetLightColor,5
822,I want the kids bedroom to be set to level fifty.,SetLightBrightness,4
823,"Brighten the large meeting room, please.",IncreaseBrightness,2
824,I want the kids lights to be pink.,SetLightColor,5
825,I want the kitchen lights to be twenty two.,SetLightBrightness,4
826,I want the light bulbs to be at level thirty nine.,SetLightBrightness,4
827,I want the light color changed to red,SetLightColor,5
828,I want the light in the garden turned on,SwitchLightOn,1
829,I want the light in the lounge to turn on,SwitchLightOn,1
830,I want the light intensity to be at level ten,SetLightBrightness,4
831,I want the light intensity turned up in the bedroom,IncreaseBrightness,2
832,I want the light set to ten everywhere,SetLightBrightness,4
833,I want the light to be on,SwitchLightOn,1
834,Brighten the lights,IncreaseBrightness,2
835,I want the lighting increased,IncreaseBrightness,2
836,I want the lighting situated at twenty two in the dining room,SetLightBrightness,4
837,I want the lights at twenty,SetLightBrightness,4
838,I want the lights decreased please,DecreaseBrightness,3
839,I want the lights dimmed.,DecreaseBrightness,3
840,I want the lights in the bathroom to be pink,SetLightColor,5
841,I want the lights in the bed room on.,SwitchLightOn,1
842,I want the lights in the bed room set to five.,SetLightBrightness,4
843,I want the lights in the laundry room to change to red.,SetLightColor,5
844,I want the lights in the pantry to be pink,SetLightColor,5
845,Brighten the lights in the waiting room,IncreaseBrightness,2
846,I want the lights near toilets to be pink.,SetLightColor,5
847,I want the lights off,SwitchLightOff,0
848,I want the lights off everywhere,SwitchLightOff,0
849,I want the lights off in the meeting room,SwitchLightOff,0
850,I want the lights on,SwitchLightOn,1
851,I want the lights on at the two setting,SwitchLightOn,1
852,I want the lights on for the entire flat please,SwitchLightOn,1
853,I want the lights on now,SwitchLightOn,1
854,I want the lights set to fifty in the kids room,SetLightBrightness,4
855,I want the lights to be at level twenty two,SetLightBrightness,4
856,Brighten up the cubicle,IncreaseBrightness,2
857,I want the lights to be blue in the bathroom,SetLightColor,5
858,I want the lights to be brighter,IncreaseBrightness,2
859,I want the lights to be changed to blue,SetLightColor,5
860,I want the lights to be dimmed.,DecreaseBrightness,3
861,I want the lights to be increased in brightness.,IncreaseBrightness,2
862,I want the lights to be increased.,IncreaseBrightness,2
863,I want the lights to be lowered,DecreaseBrightness,3
864,I want the lights to be red please,SetLightColor,5
865,I want the lights to be turned off,SwitchLightOff,0
866,I want the lights to be turned off in the vestibule,SwitchLightOff,0
867,Brighter,IncreaseBrightness,2
868,I want the lights turned down in the bed room,DecreaseBrightness,3
869,I want the lounge light on,SwitchLightOn,1
870,I want the parking lights off.,SwitchLightOff,0
871,I want the patio lights turned on,SwitchLightOn,1
872,I want the patio room light off,SwitchLightOff,0
873,I want the room brighter,IncreaseBrightness,2
874,I want the studio to be dark,SwitchLightOff,0
875,I want the toilet lights off,SwitchLightOff,0
876,I want the toilet lights to be at twelve,SetLightBrightness,4
877,I want the toilet lights to be on,SwitchLightOn,1
878,Brightness adjust to ten in kids room please.,SetLightBrightness,4
879,I want the vestibule brightness at seventy-three percent,SetLightBrightness,4
880,I want the vestibule to shine at twelve percent,SetLightBrightness,4
881,I want the waiting room lights at a ten,SetLightBrightness,4
882,I want this room at brightness level ten,SetLightBrightness,4
883,I want to brighten the laundry room,IncreaseBrightness,2
884,I want to change the boardroom brightness to ten please.,SetLightBrightness,4
885,I want to change the light green,SetLightColor,5
886,I want to change the light to blue instead.,SetLightColor,5
887,I want to lights to a lower setting please,DecreaseBrightness,3
888,"I want to lower my appartment lights, please.",DecreaseBrightness,3
889,Brightness should be set to twelve percent,SetLightBrightness,4
890,I want to make the light dimmer,DecreaseBrightness,3
891,I want to make the room brighter.,IncreaseBrightness,2
892,I want to set the light to ten,SetLightBrightness,4
893,I want to turn off the lights.,SwitchLightOff,0
894,I want to turn off the patio lamps,SwitchLightOff,0
895,I want you to change the brightness level in the patio to ten.,SetLightBrightness,4
896,I want you to switch off all the lights in my cubicle.,SwitchLightOff,0
897,I want you to turn off the lights in the small meeting room off.,SwitchLightOff,0
898,I want you to turn the lights off in my room please,SwitchLightOff,0
899,Brightness to seventy-three please.,SetLightBrightness,4
900,I would like for the lights to be brighter.,IncreaseBrightness,2
901,I would like for the lights to be pink.,SetLightColor,5
902,I would like green lights please.,SetLightColor,5
903,I would like lights on inside the house,SwitchLightOn,1
904,I would like pink lights please.,SetLightColor,5
905,I would like the brightness level in the bedroom to be thirty nine,SetLightBrightness,4
906,I would like the brightness of the lights to be level five.,SetLightBrightness,4
907,I would like the garage lights on fifty.,SetLightBrightness,4
908,I would like the light to be turned on,SwitchLightOn,1
909,I would like the lights less bright,DecreaseBrightness,3
910,Activate the lights.,SwitchLightOn,1
911,Bring darkness to this room by turning off the lights,SwitchLightOff,0
912,I would like the lights to change to green.,SetLightColor,5
913,I would like the lights turned off.,SwitchLightOff,0
914,I would like the lounge light on,SwitchLightOn,1
915,I would like the vestibule to be pink,SetLightColor,5
916,I would like the waiting room lights turned up,IncreaseBrightness,2
917,I would prefer that the changing room lights be lowered,DecreaseBrightness,3
918,I'd light these lights on,SwitchLightOn,1
919,I'd like all lights off.,SwitchLightOff,0
920,I'd like for my lights to be flipped on now,SwitchLightOn,1
921,I'd like for the lights to be blue.,SetLightColor,5
922,Bring the cellar lights up to two,SetLightBrightness,4
923,I'd like for the lights to go on now,SwitchLightOn,1
924,I'd like it a little darker,DecreaseBrightness,3
925,I'd like more lighting in the bedroom.,IncreaseBrightness,2
926,I'd like the bedroom lights to be at ten percent,SetLightBrightness,4
927,I'd like the brightness changed in the shed,SwitchLightOff,0
928,I'd like the brightness set to twenty,SetLightBrightness,4
929,I'd like the brightness turned down.,DecreaseBrightness,3
930,I'd like the brightness turned up,IncreaseBrightness,2
931,I'd like the brightness turned up in the garage,IncreaseBrightness,2
932,I'd like the house lights to be set to twelve.,SetLightBrightness,4
933,Can the changing room lights be turned on,SwitchLightOn,1
934,I'd like the kitchen to be brighter.,IncreaseBrightness,2
935,I'd like the light to increase in the pantry,IncreaseBrightness,2
936,I'd like the lights in the entrance to be on,SwitchLightOn,1
937,I'd like the lights in the laundry room to be at level twenty two,SetLightBrightness,4
938,I'd like the lights off in the vestibule,SwitchLightOff,0
939,I'd like the lights to be shut off,SwitchLightOff,0
940,I'd like the lights to be shutdown,SwitchLightOff,0
941,I'd like the lights to be turned on,SwitchLightOn,1
942,Can the laundry room have green lights?,SetLightColor,5
943,I'd like the lights to change in the large meeting room,SwitchLightOff,0
944,I'd like the lights to not be so bright,DecreaseBrightness,3
945,I'd like the lights turned down in the kids room,DecreaseBrightness,3
946,I'd like the living room lights to be at twelve percent,SetLightBrightness,4
947,I'd like the parking lights to be red,SetLightColor,5
948,I'd like the vestibule lighting to be at thirty nine,SetLightBrightness,4
949,I'd like to activate lights in my cubicle,SwitchLightOn,1
950,I'd like to have pink lighting in the bathroom,SetLightColor,5
951,I'd like to lights to be green please,SetLightColor,5
952,I'd like to lower the lights in the bed room,DecreaseBrightness,3
953,Can the lights be red instead?,SetLightColor,5
954,I'd prefer if the lights were on now,SwitchLightOn,1
955,I'd prefer it to be brighter,IncreaseBrightness,2
956,I'd prefer the bathroom light to be at thirty nine,SetLightBrightness,4
957,I'd prefer the laundry room lights to be turned to green,SetLightColor,5
958,I'd prefer the lights to be on,SwitchLightOn,1
959,I'd prefer the office lights to be on,SwitchLightOn,1
960,I'd prefer the toilet lighting to be at level twelve,SetLightBrightness,4
961,I'm done with the lights in the dining room.,SwitchLightOff,0
962,I'm in the basement please turn the lights on.,SwitchLightOn,1
963,I'm in the kitchen and I need some lights,SwitchLightOn,1
964,Can the living room lights be turned off,SwitchLightOff,0
965,I'm in the kitchen can you give me some lights please,SwitchLightOn,1
966,Illuminate the entrance,SwitchLightOn,1
967,In the basement turn the brightness to twenty,SetLightBrightness,4
968,In the bathroom turn up the light power,IncreaseBrightness,2
969,In the changing room turn down the light power,DecreaseBrightness,3
970,In the cubicle and switch off the lights,SwitchLightOff,0
971,In the entrance change the colors to red,SetLightColor,5
972,In the entrance make the lights pink,SetLightColor,5
973,In the garage change the lights to pink,SetLightColor,5
974,In the kids bedroom make the lights pink,SetLightColor,5
975,Can we change the house lighting to twelve?,SetLightBrightness,4
976,In the kids bedroom turn the lights off.,SwitchLightOff,0
977,In the laundry room turn down the light power,DecreaseBrightness,3
978,In the living room make the lights green,SetLightColor,5
979,In the lounge change it to level two,SetLightBrightness,4
980,In the lounge turn the lights off.,SwitchLightOff,0
981,In the pantry turn down the brightness,DecreaseBrightness,3
982,In the pantry turn up the brightness,IncreaseBrightness,2
983,"In the small meeting room, the lights must be pink",SetLightColor,5
984,"In the your cellar, set the brightness of the light bulbs to twelve.",SetLightBrightness,4
985,Increase brightness please,IncreaseBrightness,2
986,Can we change the lights to anything but pink?,SetLightColor,5
987,Increase brightness to fifty.,SetLightBrightness,4
988,Increase brightness to seventy-three.,SetLightBrightness,4
989,Increase light brightness.,IncreaseBrightness,2
990,Increase light intensity.,IncreaseBrightness,2
991,Increase lighting in entire appartment,IncreaseBrightness,2
992,Increase lighting in small meeting room,IncreaseBrightness,2
993,Increase lights in entire house,IncreaseBrightness,2
994,Increase the brightness in the changing room.,IncreaseBrightness,2
995,Increase the brightness of the basement,IncreaseBrightness,2
996,Increase the brightness of the kitchen lights,IncreaseBrightness,2
997,Can we make the whole house a twenty two?,SetLightBrightness,4
998,Increase the brightness of the lights in the cellar,IncreaseBrightness,2
999,Increase the brightness of the lights in the dining room.,IncreaseBrightness,2
1000,Increase the brightness of the lights in the entrance.,IncreaseBrightness,2
1001,Increase the brightness of the lights.,IncreaseBrightness,2
1002,Increase the brightness of this room.,IncreaseBrightness,2
1003,Increase the brightness to seventy-three.,SetLightBrightness,4
1004,Increase the brightness to ten.,SetLightBrightness,4
1005,Increase the cubicle's light intensity.,IncreaseBrightness,2
1006,Increase the intensity of the lighting,IncreaseBrightness,2
1007,Increase the intensity of the lighting please,IncreaseBrightness,2
1008,Can we put in some green light in the shed,SetLightColor,5
1009,Increase the intensity of the lights,IncreaseBrightness,2
1010,Increase the light in the changing room,IncreaseBrightness,2
1011,Increase the light intensity,IncreaseBrightness,2
1012,Increase the light intensity in the vestibule,IncreaseBrightness,2
1013,Increase the lighting,IncreaseBrightness,2
1014,Increase the lighting in the cubicle,IncreaseBrightness,2
1015,Increase the lighting in the vestibule,IncreaseBrightness,2
1016,Increase the lighting intensity,IncreaseBrightness,2
1017,Increase the lighting intensity please,IncreaseBrightness,2
1018,Increase the lights in the bedroom,IncreaseBrightness,2
1019,Activate the toilets lights.,SwitchLightOn,1
1020,Can you change the bathroom light blue,SetLightColor,5
1021,Increase the lights in the garden.,IncreaseBrightness,2
1022,Increase the lights in the toilets.,IncreaseBrightness,2
1023,Increase the lights on the patio.,IncreaseBrightness,2
1024,Increase the lights please.,IncreaseBrightness,2
1025,"Increase the lights, it is too dark.",IncreaseBrightness,2
1026,Is is possible to turn down the brightness?,DecreaseBrightness,3
1027,Is it okay for you to decrease the brightness of the lights.,DecreaseBrightness,3
1028,Is it possible for you to turn the lights up in the cellar for us,IncreaseBrightness,2
1029,Is it possible to get the lounge brightness to five ?,SetLightBrightness,4
1030,Is it possible to turn down the brightness in the kids bedroom,DecreaseBrightness,3
1031,Can you change the color of the lights to red in the large meeting room,SetLightColor,5
1032,Is it possible to turn on studio light,SwitchLightOn,1
1033,Is it possible to turn the light on,SwitchLightOn,1
1034,Is it possible to turn the lights down in this room?,DecreaseBrightness,3
1035,Is there a way to turn the kitchen lights to red?,SetLightColor,5
1036,Is there anyway you can change the light to be blue?,SetLightColor,5
1037,It is too dark on the patio increase the lights.,IncreaseBrightness,2
1038,"It is too dark, more lights.",IncreaseBrightness,2
1039,It's too bright in here!,DecreaseBrightness,3
1040,"It's too bright, bring the lights down",DecreaseBrightness,3
1041,"It's too bright, please make it darker",DecreaseBrightness,3
1042,Can you change the kids room to red,SetLightColor,5
1043,It's too dark in here.,IncreaseBrightness,2
1044,It's too dark in here. Brighten the lights a bit.,IncreaseBrightness,2
1045,It's too dark in the bedroom,IncreaseBrightness,2
1046,It's too dark in the waiting room,IncreaseBrightness,2
1047,It's way too dark in here,IncreaseBrightness,2
1048,Kill the bathroom lights.,SwitchLightOff,0
1049,Kill the lights in the bedroom.,SwitchLightOff,0
1050,Kill the lights in the entire appartment,SwitchLightOff,0
1051,Lessen the brightness for me,DecreaseBrightness,3
1052,Lessen the brightness of the lights in the bed room.,DecreaseBrightness,3
1053,Can you change the light in the garden to pink,SetLightColor,5
1054,Let there be light,SwitchLightOn,1
1055,Let's change the garage lighting to twenty two.,SetLightBrightness,4
1056,Let's have red lights,SetLightColor,5
1057,Let's have the entrance be red,SetLightColor,5
1058,Let's lower the intensity of the lights,DecreaseBrightness,3
1059,Let's make the vestibule green.,SetLightColor,5
1060,Lets get the patio lights to be blue.,SetLightColor,5
1061,"Lets lower the lights, please.",DecreaseBrightness,3
1062,Lets make the entrance lighting red.,SetLightColor,5
1063,Lets make the lights pink.,SetLightColor,5
1064,Can you change the lighting in the bathroom?,SwitchLightOff,0
1065,Lets turn off the lights in the office,SwitchLightOff,0
1066,Light up the vestibule.,SwitchLightOn,1
1067,Lighting needs to be adjusted to level two in the cubicle,SetLightBrightness,4
1068,Lights in the backyard should be red.,SetLightColor,5
1069,Lights in the kids bedroom must be on please,SwitchLightOn,1
1070,Lights more intense please,IncreaseBrightness,2
1071,Lights off in the living room,SwitchLightOff,0
1072,Lights off please,SwitchLightOff,0
1073,Lights off.,SwitchLightOff,0
1074,Lights on in the kids bedroom please,SwitchLightOn,1
1075,Can you change the lighting intensity of the laundry room to twenty two,SetLightBrightness,4
1076,"Lights on, now",SwitchLightOn,1
1077,Lights out,SwitchLightOff,0
1078,Lights out please,SwitchLightOff,0
1079,Lights out please.,SwitchLightOff,0
1080,Lower all of the lighting.,DecreaseBrightness,3
1081,Lower brightness,DecreaseBrightness,3
1082,Lower brightness in the backyard,DecreaseBrightness,3
1083,Lower brightness in the toilets room,DecreaseBrightness,3
1084,Lower light brightness,DecreaseBrightness,3
1085,Lower lighting in the backyard,DecreaseBrightness,3
1086,Can you change the lights to fifty. on the patio,SetLightBrightness,4
1087,Lower the brightness,DecreaseBrightness,3
1088,Lower the brightness in the cubicle,DecreaseBrightness,3
1089,Lower the brightness in the facilities room.,DecreaseBrightness,3
1090,Lower the brightness in the garden,DecreaseBrightness,3
1091,Lower the intensity of the lights,DecreaseBrightness,3
1092,Lower the lighting in the garage.,DecreaseBrightness,3
1093,Lower the lights,DecreaseBrightness,3
1094,"Lower the lights in my bed room, please.",DecreaseBrightness,3
1095,Lower the lights in the changing room,DecreaseBrightness,3
1096,The brightness should be ten in a bathroom,SetLightBrightness,4
1097,Can you set the bathroom brightness level to thirty nine?,SetLightBrightness,4
1098,The bulbs should not be so bright.,DecreaseBrightness,3
1099,The cellar lights should be turned on.,SwitchLightOn,1
1100,The cellar needs to be brighter,IncreaseBrightness,2
1101,The color of the light should be pink in the toilets room,SetLightColor,5
1102,The cubicle lights should be pink,SetLightColor,5
1103,The dining room is too bright.,DecreaseBrightness,3
1104,The garage lights need to be brighter,IncreaseBrightness,2
1105,The garage should have its lights turned off now,SwitchLightOff,0
1106,The house room light needs to be changed to red,SetLightColor,5
1107,The kitchen lights should be pink,SetLightColor,5
1108,Adjust the bedroom lights to ten percent,SetLightBrightness,4
1109,Can you set the bathroom light to seventy-three,SetLightBrightness,4
1110,The kitchen should be brighter please,IncreaseBrightness,2
1111,The large meeting room is too dark and must be made brighter,IncreaseBrightness,2
1112,The laundry room is too bright.,DecreaseBrightness,3
1113,The laundry room lights should be green.,SetLightColor,5
1114,The light color in the waiting room should be green.,SetLightColor,5
1115,The light in the appartment needs to be dimmed,DecreaseBrightness,3
1116,The light in the boardroom needs to be set at seventy-three,SetLightBrightness,4
1117,The light in the parking lot should be pink,SetLightColor,5
1118,The light in the shed needs to be off,SwitchLightOff,0
1119,The light needs to be dimmed,DecreaseBrightness,3
1120,Can you set the brightness to seventy-three,SetLightBrightness,4
1121,The light needs to be dimmed.,DecreaseBrightness,3
1122,The lights are too bright and i want it dimmed,DecreaseBrightness,3
1123,The lights in the cellar need to be turned up,IncreaseBrightness,2
1124,The lights in the garage need to be switched off.,SwitchLightOff,0
1125,The lights in the kids bedroom are too dark.,IncreaseBrightness,2
1126,The lights in the living room need to be blue.,SetLightColor,5
1127,The lights in the living room should be on twenty two.,SetLightBrightness,4
1128,The lights should be on please,SwitchLightOn,1
1129,Lower the lights in the dining room.,DecreaseBrightness,3
1130,Can you change the lights to green,SetLightColor,5
1131,Lower the lights on the patio,DecreaseBrightness,3
1132,Lower the lights to twenty.,SetLightBrightness,4
1133,Lower the lights.,DecreaseBrightness,3
1134,Make adjustments to the studio lighting to twelve.,SetLightBrightness,4
1135,Make certain no lights are on in the bathroom,SwitchLightOff,0
1136,Make it a little brighter in the bedroom.,IncreaseBrightness,2
1137,Make it a little less dark in here.,IncreaseBrightness,2
1138,Make it a little less dark in the backyard.,IncreaseBrightness,2
1139,Make it brighter,IncreaseBrightness,2
1140,Make it brighter in here,IncreaseBrightness,2
1141,Can you change the lights to pink,SetLightColor,5
1142,Make it brighter in the changing room,IncreaseBrightness,2
1143,Make it brighter in the changing room.,IncreaseBrightness,2
1144,Make it brighter in the dining room,IncreaseBrightness,2
1145,Make it brighter in the large meeting room.,IncreaseBrightness,2
1146,Make it brighter in the living room,IncreaseBrightness,2
1147,Make it brighter in the waiting room,IncreaseBrightness,2
1148,Make it dark,SwitchLightOff,0
1149,Make it dark in here,SwitchLightOff,0
1150,Make it dark in the changing room,SwitchLightOff,0
1151,Make it dark.,SwitchLightOff,0
1152,"Can you change the lights to pink
everywhere",SetLightColor,5
1153,Make it dimmer in here,DecreaseBrightness,3
1154,Make it more dim,DecreaseBrightness,3
1155,Make it so that the light is pink.,SetLightColor,5
1156,Make laundry room green,SetLightColor,5
1157,Make laundry room light brightness twenty,SetLightBrightness,4
1158,Make lights brighter.,IncreaseBrightness,2
1159,Make lights dimmer,DecreaseBrightness,3
1160,Make lights less bright in the laundry room,DecreaseBrightness,3
1161,Make lights pink,SetLightColor,5
1162,Make loo lights off.,SwitchLightOff,0
1163,Add more lighting in the basement,IncreaseBrightness,2
1164,Can you change the lights to the color red?,SetLightColor,5
1165,Make my bulbs less bright.,DecreaseBrightness,3
1166,Make my lights blue,SetLightColor,5
1167,Make my lights brighter.,IncreaseBrightness,2
1168,Make my lights green,SetLightColor,5
1169,Make my lights pink,SetLightColor,5
1170,Make parking lights go on,SwitchLightOn,1
1171,Make sure the hallway lights are increased in brightness,IncreaseBrightness,2
1172,Make sure the lights brighter so I can see,IncreaseBrightness,2
1173,Make sure there are no lights on,SwitchLightOff,0
1174,Make the backyard brighter.,IncreaseBrightness,2
1175,Can you change the patio light to blue,SetLightColor,5
1176,Make the basement at ten percent for the light setting,SetLightBrightness,4
1177,Make the basement lights go on.,SwitchLightOn,1
1178,Make the bathroom light dimmer,DecreaseBrightness,3
1179,Make the bathroom lights on,SwitchLightOn,1
1180,Make the bed room light dimmer,DecreaseBrightness,3
1181,Make the bed room lights turn on,SwitchLightOn,1
1182,Make the bedroom light intensity ten,SetLightBrightness,4
1183,Make the boardroom light to twelve,SetLightBrightness,4
1184,Make the boardroom lights red,SetLightColor,5
1185,Make the brightness at twelve percent,SetLightBrightness,4
1186,Can you change the vestibule to red,SetLightColor,5
1187,Make the brightness in the kitchen seventy-three.,SetLightBrightness,4
1188,Make the brightness of my lights thirty nine.,SetLightBrightness,4
1189,Make the brightness of the lights to be at two percent,SetLightBrightness,4
1190,Make the color of the light pink.,SetLightColor,5
1191,Make the color of the light red.,SetLightColor,5
1192,Make the cubicle less bright,DecreaseBrightness,3
1193,Make the cubicle light green,SetLightColor,5
1194,Make the cubicle lighting to be dimmer,DecreaseBrightness,3
1195,Make the cubicle lights turn off,SwitchLightOff,0
1196,Can you darken the bedroom,DecreaseBrightness,3
1197,Make the dining room lights off please,SwitchLightOff,0
1198,Make the entire flat brighter,IncreaseBrightness,2
1199,Make the entrance light at twenty two,SetLightBrightness,4
1200,Make the entrance lights less intense,DecreaseBrightness,3
1201,Make the garage red,SetLightColor,5
1202,Make the kids bedroom brighter with more light,IncreaseBrightness,2
1203,Make the kids bedroom light red,SetLightColor,5
1204,Make the kids bedroom lights a twelve.,SetLightBrightness,4
1205,Make the kids room brighter,IncreaseBrightness,2
1206,Make the kitchen brighter,IncreaseBrightness,2
1207,Can you decrease the brightness,DecreaseBrightness,3
1208,Make the large meeting room lights to thirty nine brightness,SetLightBrightness,4
1209,Make the laundry room a bit darker please,DecreaseBrightness,3
1210,Make the laundry room lights red.,SetLightColor,5
1211,Make the light brighter.,IncreaseBrightness,2
1212,Make the light bulbs brighter please,IncreaseBrightness,2
1213,Make the light bulbs in the pantry the twenty brightness.,SetLightBrightness,4
1214,Make the light bulbs pink,SetLightColor,5
1215,Make the light dimmer,DecreaseBrightness,3
1216,Make the light green,SetLightColor,5
1217,Make the light in the bathroom brighter,IncreaseBrightness,2
1218,Can you decrease the brightness in the kids bedroom,DecreaseBrightness,3
1219,Make the light in the bed room brighter,IncreaseBrightness,2
1220,Make the light in the dining room red,SetLightColor,5
1221,Make the light in the pantry to two,SetLightBrightness,4
1222,Make the light red,SetLightColor,5
1223,Make the lighting brighter in here.,IncreaseBrightness,2
1224,Make the lighting brighter in the living room,IncreaseBrightness,2
1225,Make the lighting more intense in the bathroom,IncreaseBrightness,2
1226,Make the lights a little brighter in the laundry room.,IncreaseBrightness,2
1227,Make the lights blue,SetLightColor,5
1228,Make the lights blue,SetLightColor,5
1229,Can you decrease the brightness of the light bulbs?,DecreaseBrightness,3
1230,Make the lights blue.,SetLightColor,5
1231,Make the lights brighter,IncreaseBrightness,2
1232,Make the lights brighter in the studio.,IncreaseBrightness,2
1233,Make the lights brighter.,IncreaseBrightness,2
1234,Make the lights dimmer please.,DecreaseBrightness,3
1235,Make the lights five,SetLightBrightness,4
1236,Make the lights go on,SwitchLightOn,1
1237,Make the lights green,SetLightColor,5
1238,Make the lights green please.,SetLightColor,5
1239,Make the lights in the bed room less bright,DecreaseBrightness,3
1240,Can you decrease the light intensity,DecreaseBrightness,3
1241,Make the lights in the cellar at the two brightness.,SetLightBrightness,4
1242,Make the lights in the garage a thirty nine please.,SetLightBrightness,4
1243,Make the lights in the house brighter.,IncreaseBrightness,2
1244,Make the lights in the kids bedroom a ten.,SetLightBrightness,4
1245,Make the lights in the kids bedroom green,SetLightColor,5
1246,Make the lights in the room lower.,DecreaseBrightness,3
1247,Make the lights in the studio to be at twelve,SetLightBrightness,4
1248,Make the lights in the toilets brighter,IncreaseBrightness,2
1249,Make the lights less bright,DecreaseBrightness,3
1250,Can you dim the lights in the lounge,DecreaseBrightness,3
1251,Make the lights less bright.,DecreaseBrightness,3
1252,Make the lights more bright,IncreaseBrightness,2
1253,Make the lights more bright in the bedroom,IncreaseBrightness,2
1254,Make the lights not shine anymore,SwitchLightOff,0
1255,Make the lights pink,SetLightColor,5
1256,Make the lights pink.,SetLightColor,5
1257,Make the lights red,SetLightColor,5
1258,Make the lights the color red,SetLightColor,5
1259,Make the lights turn off,SwitchLightOff,0
1260,Make the lights turn off in the waiting room,SwitchLightOff,0
1261,Can you increase the brightness of the lights in the bed room?,IncreaseBrightness,2
1262,Make the lights turn on,SwitchLightOn,1
1263,Make the living room dimmer,DecreaseBrightness,3
1264,Make the living room light dimmer,DecreaseBrightness,3
1265,Make the lounge twenty two,SetLightBrightness,4
1266,Make the meeting room lights fifty.,SetLightBrightness,4
1267,Make the pantry five percent in brightness,SetLightBrightness,4
1268,Make the pantry lights to twelve,SetLightBrightness,4
1269,Make the patio brighter,IncreaseBrightness,2
1270,Make the room a bit darker,DecreaseBrightness,3
1271,Make the room brighter.,IncreaseBrightness,2
1272,Adjust brightness to fifty.,SetLightBrightness,4
1273,Can you increase the brightness?,IncreaseBrightness,2
1274,Make the studio lighting to be at the twelve setting,SetLightBrightness,4
1275,Make the studio lights off.,SwitchLightOff,0
1276,Make the toilets green lights,SetLightColor,5
1277,Make twenty two the brightness setting.,SetLightBrightness,4
1278,May you change the light to pink please?,SetLightColor,5
1279,More light please,IncreaseBrightness,2
1280,More lights please,IncreaseBrightness,2
1281,Move the brightness setting in the dining room to five.,SetLightBrightness,4
1282,My bedroom needs to be darker.,DecreaseBrightness,3
1283,No more lights in the garden.,SwitchLightOff,0
1284,Can you increase the lighting level in the studio?,IncreaseBrightness,2
1285,"Ok alexa, Cut out lights in the pantry",SwitchLightOff,0
1286,"Ok google, Turn off lights in entire flat",SwitchLightOff,0
1287,"Ok google, turn off lights",SwitchLightOff,0
1288,Once you enter the laundry room turn on the lights,SwitchLightOn,1
1289,PLEASE TURN ON THE LIGHTS,SwitchLightOn,1
1290,Place the cellar lights in the off postion,SwitchLightOff,0
1291,Place the lighting on level twenty two in the cubicle,SetLightBrightness,4
1292,Please activate the lights.,SwitchLightOn,1
1293,Please adjust the cubicle lights so it's brighter,IncreaseBrightness,2
1294,Please adjust the light brightness to go lower please.,DecreaseBrightness,3
1295,Can you light up the basement a bit more,IncreaseBrightness,2
1296,Please adjust the light bulbs to twelve.,SetLightBrightness,4
1297,Please brighten the lights in the meeting room,IncreaseBrightness,2
1298,Please change entrance lights to blue,SetLightColor,5
1299,Please change lights to red.,SetLightColor,5
1300,Please change the brightness in the room.,DecreaseBrightness,3
1301,Please change the brightness level in parking area to twenty.,SetLightBrightness,4
1302,Please change the brightness level in the backyard to fifty.,SetLightBrightness,4
1303,Please change the color in the large meeting room to pink.,SetLightColor,5
1304,Please change the color of the lights red.,SetLightColor,5
1305,Please change the color to pink,SetLightColor,5
1306,Can you make it a tad brighter please?,IncreaseBrightness,2
1307,Please change the colors to red in the bathroom,SetLightColor,5
1308,Please change the light color in the kitchen to blue.,SetLightColor,5
1309,Please change the lighting to twelve in the shed,SetLightBrightness,4
1310,Please change the lights green.,SetLightColor,5
1311,Please change the lights in the meeting room to be red please.,SetLightColor,5
1312,Please change the lights to red in the cellar,SetLightColor,5
1313,Please change the lights to red.,SetLightColor,5
1314,Please change the lights to twenty two in the house,SetLightBrightness,4
1315,Please change the living room lights to red.,SetLightColor,5
1316,Please cut off all lights,SwitchLightOff,0
1317,Can you make it brighter inside?,IncreaseBrightness,2
1318,Please decrease the brightness,DecreaseBrightness,3
1319,Please decrease the brightness.,DecreaseBrightness,3
1320,Please dim lights,DecreaseBrightness,3
1321,Please dim the lights,DecreaseBrightness,3
1322,Please flick the lights on,SwitchLightOn,1
1323,Please get rid of the lights.,SwitchLightOff,0
1324,Please get the lights off.,SwitchLightOff,0
1325,Please go on and increase the brightness,IncreaseBrightness,2
1326,Please have the waiting room be less bright,DecreaseBrightness,3
1327,Please increase lights.,IncreaseBrightness,2
1328,Can you make it dimmer in here,DecreaseBrightness,3
1329,Please increase the brightness of the lights,IncreaseBrightness,2
1330,Please increase the brightness of the lights in the kids room.,IncreaseBrightness,2
1331,Please increase the brightness of the lights in the small meeting room.,IncreaseBrightness,2
1332,Please increase the brightness of the lights.,IncreaseBrightness,2
1333,Please increase the garage lights.,IncreaseBrightness,2
1334,Please increase the lighting.,IncreaseBrightness,2
1335,Please increase the lights in the office,IncreaseBrightness,2
1336,Please lower the brightness for me,DecreaseBrightness,3
1337,Please lower the lights in the room.,DecreaseBrightness,3
1338,Please lower the lights.,DecreaseBrightness,3
1339,Can you make the bed room lights go up,IncreaseBrightness,2
1340,Please make it brighter,IncreaseBrightness,2
1341,Please make the color red,SetLightColor,5
1342,Please make the entire flat blue.,SetLightColor,5
1343,Please make the flat room blue,SetLightColor,5
1344,Please make the light blue,SetLightColor,5
1345,Please make the light red.,SetLightColor,5
1346,Please make the lights brighter,IncreaseBrightness,2
1347,Please make the lights green,SetLightColor,5
1348,Please make the lights green in the dining room,SetLightColor,5
1349,Please make the lights pink,SetLightColor,5
1350,Can you make the brightness twelve?,SetLightBrightness,4
1351,Please make the lights pink in my bedroom.,SetLightColor,5
1352,Please make the vestibule lighting to be at twelve,SetLightBrightness,4
1353,Please put off the pantry lights,SwitchLightOff,0
1354,Please set it to five.,SetLightBrightness,4
1355,Please set lounge brightness at twenty two percent,SetLightBrightness,4
1356,Please set the brightness level to five,SetLightBrightness,4
1357,Please set the brightness to five percent,SetLightBrightness,4
1358,Please set the light brightness level of basement to thirty nine,SetLightBrightness,4
1359,Please set the light bulbs to ten.,SetLightBrightness,4
1360,Please set the office lights down,DecreaseBrightness,3
1361,Can you make the lights blue?,SetLightColor,5
1362,Please set the office to twenty two for the intensity,SetLightBrightness,4
1363,Please set the studio to level two for the light intensity,SetLightBrightness,4
1364,Please set the toilet lighting to two,SetLightBrightness,4
1365,Please set the toilets room light to two,SetLightBrightness,4
1366,Please shut off the lighting.,SwitchLightOff,0
1367,Please shut off the lights above the toilet,SwitchLightOff,0
1368,Please shut off the lights.,SwitchLightOff,0
1369,Please stop the lights,SwitchLightOff,0
1370,Please switch my lights on now,SwitchLightOn,1
1371,Please switch on lights for the facilities,SwitchLightOn,1
1372,Can you make the lights brighter?,IncreaseBrightness,2
1373,Please switch on my cubicle light,SwitchLightOn,1
1374,Please switch on the lights,SwitchLightOn,1
1375,Please switch the color of the light to be red please.,SetLightColor,5
1376,Please switch to pink lighting,SetLightColor,5
1377,Please switch to the green light,SetLightColor,5
1378,Please turn down the brightness,SwitchLightOff,0
1379,Please turn down the light intensity,DecreaseBrightness,3
1380,Please turn down the lights,DecreaseBrightness,3
1381,Please turn down the lights in the entrance area,DecreaseBrightness,3
1382,Please turn down the lights in the pantry,DecreaseBrightness,3
1383,Adjust the bed room brightness level to seventy-three.,SetLightBrightness,4
1384,Can you make the lights dimmer in the living room?,DecreaseBrightness,3
1385,Please turn lights red in large meeting room,SetLightColor,5
1386,Please turn lights up.,IncreaseBrightness,2
1387,Please turn my lights on,SwitchLightOn,1
1388,Please turn off all lights.,SwitchLightOff,0
1389,Please turn off all the lights.,SwitchLightOff,0
1390,Please turn off the cellar lights.,SwitchLightOff,0
1391,Please turn off the lighting,SwitchLightOff,0
1392,Please turn off the lighting.,SwitchLightOff,0
1393,Please turn off the lights in the bed room,SwitchLightOff,0
1394,Please turn off the lights in the bedroom.,SwitchLightOff,0
1395,Can you make the lights green in the basement?,SetLightColor,5
1396,Please turn off the lights in the vestibule.,SwitchLightOff,0
1397,Please turn off the lights in this room.,SwitchLightOff,0
1398,Please turn off the lights.,SwitchLightOff,0
1399,Please turn off the toilets lights.,SwitchLightOff,0
1400,Please turn on my parking lights,SwitchLightOn,1
1401,Please turn on the lights,SwitchLightOn,1
1402,Please turn on the lights in the entrance,SwitchLightOn,1
1403,Please turn on the living room lights,SwitchLightOn,1
1404,Please turn the brightness of the light bulbs down just a bit.,DecreaseBrightness,3
1405,Please turn the brightness up,IncreaseBrightness,2
1406,Can you make the lights green?,SetLightColor,5
1407,Please turn the cella light to thirty nine,SetLightBrightness,4
1408,Please turn the kids room brightness to fifty.,SetLightBrightness,4
1409,Please turn the kitchen lights on.,SwitchLightOn,1
1410,Please turn the light on for me,SwitchLightOn,1
1411,Please turn the lights down,DecreaseBrightness,3
1412,Please turn the lights down in the waiting room,DecreaseBrightness,3
1413,Please turn the lights down to a lower setting in the living room,DecreaseBrightness,3
1414,Please turn the lights down.,DecreaseBrightness,3
1415,Please turn the lights off,SwitchLightOff,0
1416,Please turn the lights off in the garden,SwitchLightOff,0
1417,Can you make the lights in the office green?,SetLightColor,5
1418,Please turn the lights off in this room,SwitchLightOff,0
1419,Please turn the living room lights to twelve.,SetLightBrightness,4
1420,Please turn the patio lights up for me.,IncreaseBrightness,2
1421,Please turn up lights in appartment,IncreaseBrightness,2
1422,Please turn up the lighting in the toilets.,IncreaseBrightness,2
1423,Please turn up the lights a bit more,IncreaseBrightness,2
1424,Please turn up the lights.,IncreaseBrightness,2
1425,"Please, decrease the brightness.",DecreaseBrightness,3
1426,"Please, set the brightness of the light bulbs to seventy-three.",SetLightBrightness,4
1427,Power on the lamps,SwitchLightOn,1
1428,Can you make the outside light green,SetLightColor,5
1429,Power on the lamps in the toilets,SwitchLightOn,1
1430,Power on the lights,SwitchLightOn,1
1431,Power on the lights in the bedroom,SwitchLightOn,1
1432,Power on the office lamps,SwitchLightOn,1
1433,Power the cublicle lamps to ten,SetLightBrightness,4
1434,Power the lamps to two percent,SetLightBrightness,4
1435,Power the office lights,SwitchLightOn,1
1436,Put bathroom brightness to fifty,SetLightBrightness,4
1437,Put lights at a higher intensity please,IncreaseBrightness,2
1438,Put lights to blue,SetLightColor,5
1439,Can you please brighten this room up a bit?,IncreaseBrightness,2
1440,Put on the lights in the cella at two percent,SetLightBrightness,4
1441,Put parking lights at level twelve,SetLightBrightness,4
1442,Put the brightness in the shed at fifty.,SetLightBrightness,4
1443,Put the cellar lights to off,SwitchLightOff,0
1444,Put the kids bedroom lights on twelve,SetLightBrightness,4
1445,Put the lighting to level ten,SetLightBrightness,4
1446,Put the lights in the living room at level thirty nine,SetLightBrightness,4
1447,Put the lights in the meeting room to twelve.,SetLightBrightness,4
1448,Put the lights off in the bedroom,SwitchLightOff,0
1449,Put the lights on,SwitchLightOn,1
1450,Can you please change the bathroom lights to the color red?,SetLightColor,5
1451,Put the lights on please,SwitchLightOn,1
1452,Put the lights to twelve percent in the bathroom,SetLightBrightness,4
1453,Put the lights to two in the backyard,SetLightBrightness,4
1454,Put the parking brightness at twenty,SetLightBrightness,4
1455,Quickly put on the lights in the dining room as I am very hungry,SwitchLightOn,1
1456,Raise the lights in the changing room,IncreaseBrightness,2
1457,Raise the lights in the laundry room,IncreaseBrightness,2
1458,Reduce basement brightness to two percent,SetLightBrightness,4
1459,Reduce brightness,DecreaseBrightness,3
1460,Reduce brightness to fifty in the house.,SetLightBrightness,4
1461,The studio lights need to be increased,IncreaseBrightness,2
1462,The toilet lights should be blue.,SetLightColor,5
1463,Can you set the brightness to twenty two for the entire house?,SetLightBrightness,4
1464,The toilets should have green lighting.,SetLightColor,5
1465,There is too much light in here.,DecreaseBrightness,3
1466,There is too much light in the bedroom,DecreaseBrightness,3
1467,Throughout the house turn up the light power,IncreaseBrightness,2
1468,Tone down the brightness in the laundry room.,DecreaseBrightness,3
1469,Turn all lighting on.,SwitchLightOn,1
1470,Turn all the lights down please.,DecreaseBrightness,3
1471,Turn backyard lights off,SwitchLightOff,0
1472,Turn basement lights on please,SwitchLightOn,1
1473,Turn basement lights to pink,SetLightColor,5
1474,Can you set the cella room to seventy-three,SetLightBrightness,4
1475,Turn bed room lights off,SwitchLightOff,0
1476,Turn brightness down in bed room,DecreaseBrightness,3
1477,Turn down bed room lights,DecreaseBrightness,3
1478,Turn down lights in entire appartment,DecreaseBrightness,3
1479,Turn down the basement lights,DecreaseBrightness,3
1480,Turn down the brightness,DecreaseBrightness,3
1481,Turn down the brightness for me,DecreaseBrightness,3
1482,Turn down the brightness in the laundry room,DecreaseBrightness,3
1483,Turn down the brightness of the lighting,DecreaseBrightness,3
1484,Turn down the brightness please,DecreaseBrightness,3
1485,Can you set the kids room light to five,SetLightBrightness,4
1486,Turn down the light in the bedroom.,DecreaseBrightness,3
1487,Turn down the light in the loo.,DecreaseBrightness,3
1488,Turn down the light intensity in the dining room.,DecreaseBrightness,3
1489,Turn down the light power all the way,SwitchLightOff,0
1490,Turn down the light power in the pantry all the way,SwitchLightOff,0
1491,Turn down the lighting in the kids bedroom.,DecreaseBrightness,3
1492,Turn down the lights,DecreaseBrightness,3
1493,Turn down the lights a bit,DecreaseBrightness,3
1494,Can you please change the brightness in kids room to twenty two?,SetLightBrightness,4
1495,Reduce the brightness in my bedroom as I am going to sleep,DecreaseBrightness,3
1496,Reduce the brightness in the bedroom please,DecreaseBrightness,3
1497,Reduce the light brightness in the backyard to level ten.,SetLightBrightness,4
1498,Select pink light color,SetLightColor,5
1499,Set all lamps to level thirty nine in the studio,SetLightBrightness,4
1500,Set all lamps to two in the laundry room.,SetLightBrightness,4
1501,Set brightness in pantry to seventy-three percent,SetLightBrightness,4
1502,Set brightness to twenty please.,SetLightBrightness,4
1503,Set cellar lights to fifty,SetLightBrightness,4
1504,Set light color to blue,SetLightColor,5
1505,Can you please change the brightness in the lounge to thirty nine?,SetLightBrightness,4
1506,Set lights to green,SetLightColor,5
1507,Set lights to level thirty nine,SetLightBrightness,4
1508,Set lights to level twenty two,SetLightBrightness,4
1509,Set lights to off,SwitchLightOff,0
1510,Set lights to twenty two percent in the basement,SetLightBrightness,4
1511,Set lights to two in the parking room please,SetLightBrightness,4
1512,Set living room bright level to twenty two,SetLightBrightness,4
1513,Set my bed room to twenty two for brightness,SetLightBrightness,4
1514,Set the basement lights to two,SetLightBrightness,4
1515,Set the bathroom lights to the on position,SwitchLightOn,1
1516,Can you please change the color to blue,SetLightColor,5
1517,Set the bed room lights to two for brightness.,SetLightBrightness,4
1518,Set the brightness in the bathroom at level twelve,SetLightBrightness,4
1519,Set the brightness in the bed room to twenty two.,SetLightBrightness,4
1520,Set the brightness in the kids room to level twenty two,SetLightBrightness,4
1521,Set the brightness in the living room to ten.,SetLightBrightness,4
1522,Set the brightness level of light to twenty,SetLightBrightness,4
1523,Set the brightness level to seventy-three,SetLightBrightness,4
1524,Set the brightness of the light bulbs to fifty.,SetLightBrightness,4
1525,Set the brightness on the light bulbs to fifty.,SetLightBrightness,4
1526,Set the brightness to fifty.,SetLightBrightness,4
1527,Turn down the lights in here,DecreaseBrightness,3
1528,Turn down the lights in the basement.,DecreaseBrightness,3
1529,Can you set the meeting room to be a pink hue?,SetLightColor,5
1530,Turn down the lights in the bedroom,DecreaseBrightness,3
1531,Turn down the lights in the cella,DecreaseBrightness,3
1532,Turn down the lights in the changing room,DecreaseBrightness,3
1533,Turn down the lights in the kitchen,DecreaseBrightness,3
1534,Turn down the lights in the large meeting room,SwitchLightOff,0
1535,Turn down the lights in the toilets room,DecreaseBrightness,3
1536,Turn down the lights in the waiting room,DecreaseBrightness,3
1537,Turn down the lights one notch,DecreaseBrightness,3
1538,Turn down the lights please,SwitchLightOff,0
1539,Turn down the lights.,DecreaseBrightness,3
1540,Can you shut off the house lights.,SwitchLightOff,0
1541,Turn light on in toilet room,SwitchLightOn,1
1542,Turn lighting red,SetLightColor,5
1543,Turn lights in the laundry room brighter,IncreaseBrightness,2
1544,Turn lights on everywhere please,SwitchLightOn,1
1545,Turn lights on in the waiting room,SwitchLightOn,1
1546,Turn lights on over the toilet,SwitchLightOn,1
1547,Turn lights to green,SetLightColor,5
1548,Turn living room lights to red,SetLightColor,5
1549,Turn meeting room lights off.,SwitchLightOff,0
1550,Turn my living room lights on please,SwitchLightOn,1
1551,Can you shut the lights off at the entrance,SwitchLightOff,0
1552,Turn off all the lamps.,SwitchLightOff,0
1553,Turn off lights,SwitchLightOff,0
1554,Turn off my bedroom lights please,SwitchLightOff,0
1555,Turn off parking lights,SwitchLightOff,0
1556,Turn off the bathroom lights,SwitchLightOff,0
1557,Turn off the cellar lights,SwitchLightOff,0
1558,Turn off the light power,SwitchLightOff,0
1559,Turn off the lighting.,SwitchLightOff,0
1560,Turn off the lights,SwitchLightOff,0
1561,Turn off the lights,SwitchLightOff,0
1562,Can you stop the lighting?,SwitchLightOff,0
1563,Turn off the lights at 4:30 pm,SwitchLightOff,0
1564,Turn off the lights for me,SwitchLightOff,0
1565,Turn off the lights for the living room,SwitchLightOff,0
1566,Turn off the lights in five minutes,SwitchLightOff,0
1567,Turn off the lights in the basement,SwitchLightOff,0
1568,Turn off the lights in the bathroom,SwitchLightOff,0
1569,Turn off the lights in the bed room,SwitchLightOff,0
1570,Turn off the lights in the bedroom,SwitchLightOff,0
1571,Turn off the lights in the entire flat,SwitchLightOff,0
1572,Turn off the lights in the entrance.,SwitchLightOff,0
1573,Can you switch on my appartment lights,SwitchLightOn,1
1574,Turn off the lights in the kitchen,SwitchLightOff,0
1575,Turn off the lights in the living room,SwitchLightOff,0
1576,Turn off the lights in the toilets,SwitchLightOff,0
1577,Turn off the lights in this room.,SwitchLightOff,0
1578,Turn off the lights now,SwitchLightOff,0
1579,Turn off the lights to the basement,SwitchLightOff,0
1580,Turn off the lights to the toilets.,SwitchLightOff,0
1581,Turn off the lounge lights.,SwitchLightOff,0
1582,Turn off the patio lights.,SwitchLightOff,0
1583,Turn off the toilet lights,SwitchLightOff,0
1584,Adjust the brightness in the loo to fifty.,SetLightBrightness,4
1585,Can you switch the lights on for my entire house?,SwitchLightOn,1
1586,Turn on all the lights in the entire house.,SwitchLightOn,1
1587,Turn on bed room lights,SwitchLightOn,1
1588,Turn on garage lights,SwitchLightOn,1
1589,Turn on lights above the toilet,SwitchLightOn,1
1590,Turn on lights in the backyard,SwitchLightOn,1
1591,Turn on lights in the cellar,SwitchLightOn,1
1592,Turn on living room lights.,SwitchLightOn,1
1593,Turn on my lights now,SwitchLightOn,1
1594,Turn on my patio lights please,SwitchLightOn,1
1595,Turn on red lights.,SetLightColor,5
1596,Can you switch the lights to the color green please?,SetLightColor,5
1597,Turn on the bathroom lights,SwitchLightOn,1
1598,Turn on the bed room lights,SwitchLightOn,1
1599,Turn on the changing room lights,SwitchLightOn,1
1600,Turn on the entrance lights,SwitchLightOn,1
1601,Turn on the laundry room lighting,SwitchLightOn,1
1602,Turn on the lights,SwitchLightOn,1
1603,Turn on the lights above the toilet,SwitchLightOn,1
1604,Turn on the lights in the bathroom,SwitchLightOn,1
1605,Turn on the lights in the bedroom,SwitchLightOn,1
1606,Turn on the lights in the changing room,SwitchLightOn,1
1607,Can you turn down the lights?,DecreaseBrightness,3
1608,Turn on the lights in the entrance,SwitchLightOn,1
1609,Turn on the lights in the kids room,SwitchLightOn,1
1610,Turn on the lights in the laundry room,SwitchLightOn,1
1611,Turn on the lights in the waiting room,SwitchLightOn,1
1612,Turn on the lights please,SwitchLightOn,1
1613,Turn on the lights.,SwitchLightOn,1
1614,Turn on the office lighting,SwitchLightOn,1
1615,Turn on the office lights,SwitchLightOn,1
1616,Turn on the pantry lights,SwitchLightOn,1
1617,Turn on the spotlight in the room,SwitchLightOn,1
1618,Can you turn off the cella lights,SwitchLightOff,0
1619,Turn on the toilet lights,SwitchLightOn,1
1620,Turn out the cellar lights,SwitchLightOff,0
1621,Turn parking light setting to off,SwitchLightOff,0
1622,Turn studio lights on,SwitchLightOn,1
1623,Turn the backyard lights pink,SetLightColor,5
1624,Turn the basement light intensity to ten,SetLightBrightness,4
1625,Turn the basement lights down,DecreaseBrightness,3
1626,Turn the bed room lights off,SwitchLightOff,0
1627,Turn the bedroom light to seventy-three,SetLightBrightness,4
1628,Turn the bedroom lights on,SwitchLightOn,1
1629,Can you turn off the light in the toilet,SwitchLightOff,0
1630,Turn the bedroom to twenty,SetLightBrightness,4
1631,Turn the brightness down,DecreaseBrightness,3
1632,Turn the brightness down in the living room,DecreaseBrightness,3
1633,Turn the brightness down in the toilet room,DecreaseBrightness,3
1634,Turn the brightness in the flat to two,SetLightBrightness,4
1635,Turn the brightness to level twelve,SetLightBrightness,4
1636,Turn the brightness to thirty nine percent,SetLightBrightness,4
1637,Turn the brightness up in the basement,IncreaseBrightness,2
1638,Turn the bulb brightness down.,DecreaseBrightness,3
1639,Turn the bulbs on brighter everywhere,IncreaseBrightness,2
1640,Can you turn off the lights,SwitchLightOff,0
1641,Turn the cella lights to twelve percent,SetLightBrightness,4
1642,Turn the cellar lights to fifty percent,SetLightBrightness,4
1643,Turn the changing room lights off,SwitchLightOff,0
1644,Turn the changing room lights to ten percent,SetLightBrightness,4
1645,Turn the cublicle lights to level ten,SetLightBrightness,4
1646,Turn the entrance lights on,SwitchLightOn,1
1647,Turn the entrance lights on.,SwitchLightOn,1
1648,Turn the flat light to twelve,SetLightBrightness,4
1649,Turn the flat room off.,SwitchLightOff,0
1650,Turn the garden lights up a notch.,IncreaseBrightness,2
1651,Can you turn off the lights for the laundry room?,SwitchLightOff,0
1652,Turn the kids bedroom light red,SetLightColor,5
1653,Turn the kitchen lights green,SetLightColor,5
1654,Turn the kitchen lights on brighter,IncreaseBrightness,2
1655,Turn the large meeting room green.,SetLightColor,5
1656,Turn the laundry room lights to twenty two.,SetLightBrightness,4
1657,Turn the light intensity to level thirty nine,SetLightBrightness,4
1658,Turn the light on,SwitchLightOn,1
1659,Turn the light on in the bedroom,SwitchLightOn,1
